-- phpMyAdmin SQL Dump
-- version 4.6.6deb4
-- https://www.phpmyadmin.net/
--
-- Хост: localhost:3306
-- Время создания: Ноя 29 2019 г., 17:39
-- Версия сервера: 10.3.9-MariaDB-1:10.3.9+maria~stretch-log
-- Версия PHP: 7.3.5-1+0~20190503093827.38+stretch~1.gbp60a41b

SET SQL_MODE = "NO_AUTO_VALUE_ON_ZERO";
SET time_zone = "+00:00";
SET GLOBAL log_bin_trust_function_creators = 1;

/*!40101 SET @OLD_CHARACTER_SET_CLIENT=@@CHARACTER_SET_CLIENT */;
/*!40101 SET @OLD_CHARACTER_SET_RESULTS=@@CHARACTER_SET_RESULTS */;
/*!40101 SET @OLD_COLLATION_CONNECTION=@@COLLATION_CONNECTION */;
/*!40101 SET NAMES utf8mb4 */;

--
-- База данных: `tmalik`
--

DELIMITER $$
--
-- Процедуры
--
CREATE  PROCEDURE `ADD_DONATION` (`donationId` VARCHAR(10), `amount` INT, `timeStamp` TIMESTAMP, `description` VARCHAR(50), `accountNumber` VARCHAR(20))  BEGIN
    
    INSERT INTO Donations(Donations.donationId, Donations.balance, Donations.amount, Donations.timeStamp, Donations.description, Donations.isWrited)
    		VALUES (donationId, amount, amount, timeStamp, description, 0);
    INSERT INTO Transitions(Transitions.amount, Transitions.donationId, Transitions.accountNumber, Transitions.timeStamp, Transitions.purpose) 
    		VALUES (amount, donationId, accountNumber, timeStamp, "Postuplenie na schet fonda");
    
    END$$

CREATE  PROCEDURE `ADD_TRANSACTION` (IN `transactionId` INT, IN `donationId` VARCHAR(10), IN `amount` INT, IN `timeStamp` TIMESTAMP, IN `purpose` VARCHAR(50), IN `accountNumber` VARCHAR(20))  BEGIN   
   DECLARE  balance INT DEFAULT 0;
  
   SELECT Donations.amount FROM Donations WHERE Donations.donationId = donationId   INTO balance;
  
     IF balance >= amount  THEN
     	INSERT INTO Transitions ( amount, accountNumber, timeStamp, donationId, purpose) VALUES ( amount, accountNumber, timeStamp,donationId, purpose);

       UPDATE Donations SET Donations.balance = Donations.balance - amount
         WHERE Donations.donationId = donationId;
      
           ELSE
       SIGNAL SQLSTATE '45000' SET MESSAGE_TEXT = 'Amount should be less than Donation.balance';
     
     END IF;
   END$$

CREATE  PROCEDURE `GET_DONATIONS` (`accountN` VARCHAR(20))  BEGIN
		SELECT balance, donationId, timeStamp 
		FROM Donations 
		WHERE Donations.balance > 0 AND Donations.donationId IN 
			(SELECT donationId FROM Transitions WHERE accountNumber = accountN
			GROUP BY donationId);
   END$$

CREATE  PROCEDURE `GET_DONATION_INFO` (`donationId` VARCHAR(10))  BEGIN
        
	SELECT Donations.balance, Donations.timeStamp, Donations.description,
	Transitions.stepId,  Transitions.amount, Transitions.timeStamp as transitionTime,
			Transitions.purpose, Transitions.accountNumber, Organizations.taxId, 
			Organizations.organizationName
		
		FROM Donations, Transitions, BankAccounts, Organizations 
		
		WHERE 
			Transitions.donationId = donationId and
			Transitions.accountNumber =  BankAccounts.accountNumber and 
			Donations.donationId = Transitions.donationId and 
			Organizations.taxId = BankAccounts.taxId;
	END$$

--
-- Функции
--
CREATE DEFINER=`root`@`localhost` FUNCTION `GET_NEW_TRANSACATION_ID` () RETURNS INT(11) BEGIN
 DECLARE newId INT DEFAULT 0;
   SELECT COUNT(*) INTO newId FROM Transitions;
   RETURN newId;
END$$

DELIMITER ;

-- --------------------------------------------------------

--
-- Структура таблицы `BankAccounts`
--

CREATE TABLE `BankAccounts` (
  `accountNumber` varchar(20) NOT NULL,
  `taxId` varchar(12) NOT NULL,
  `description` varchar(50) DEFAULT NULL
) ENGINE=InnoDB DEFAULT CHARSET=latin1;

--
-- Дамп данных таблицы `BankAccounts`
--

INSERT INTO `BankAccounts` (`accountNumber`, `taxId`, `description`) VALUES
('10000000000000000001', '0000000001', ''),
('10000000000000000002', '0000000002', ''),
('10000000000000000003', '0000000003', ''),
('10000000000000000004', '0000000004', ''),
('11838017146', '7729355029', ''),
('12454003762', '774336683881', ''),
('12898030324', '8601004445', ''),
('15429611868', '6227001881', ''),
('15434285060', '7714805934', ''),
('15445213688', '4211007362', ''),
('15455025080', '4202018713', ''),
('15457164714', '3905010466', ''),
('15458710058', '3923000439', ''),
('1548673367762', '2205002796', ''),
('15487508594', '7803052993', ''),
('15606105986', '3817037885', ''),
('17202008890', '1121007250', ''),
('20000000000000000002', '0000000002', ''),
('20000000000000000003', '0000000003', ''),
('20000000000000000004', '0000000004', ''),
('2242014500', '2903002901', ''),
('4410005592', '4211003590', ''),
('5442110768', '2721055384', ''),
('5806005802', '4909043545', ''),
('7332056650', '3666028325', ''),
('7634075770', '7727512540', ''),
('7810020932', '7743754297', ''),
('7846000878', '7728582357', ''),
('8404037426', '7717142530', ''),
('8422007180', '6449015162', ''),
('8422014724', '5919008573', ''),
('9818087090', '7722606844', '');

-- --------------------------------------------------------

--
-- Структура таблицы `Donations`
--

CREATE TABLE `Donations` (
  `donationId` varchar(10) NOT NULL,
  `amount` int(11) NOT NULL,
  `balance` int(11) NOT NULL,
  `timeStamp` timestamp NOT NULL DEFAULT current_timestamp() ON UPDATE current_timestamp(),
  `description` varchar(50) NOT NULL,
  `isWrited` int(11) NOT NULL
) ENGINE=InnoDB DEFAULT CHARSET=latin1;

--
-- Дамп данных таблицы `Donations`
--

INSERT INTO `Donations` (`donationId`, `amount`, `balance`, `timeStamp`, `description`, `isWrited`) VALUES
('010f3d', 250, 250, '2019-11-18 04:59:17', 'test', 0),
('01xrr', 630, 5, '2019-11-18 13:53:21', 'test', 0),
('0347lw', 434, 5, '2019-11-17 17:46:38', 'test', 0),
('03cce7', 450, 0, '2019-06-26 12:01:39', 'vo imya dobra', 0),
('03d0f2', 168, 68, '2019-11-18 09:00:17', 'test', 0),
('05a8b6', 751, 651, '2019-11-18 08:57:38', 'test', 0),
('07d906', 500, 0, '2019-06-25 19:27:32', 'chtoby vsem bylo horosho', 0),
('0c41f4', 500, 0, '2019-06-25 09:50:42', 'radi schastya', 0),
('0d4f67', 12, 12, '2019-04-16 16:54:38', 'na blago Rodiny', 0),
('0d9slq', 733, 5, '2019-11-18 08:30:56', 'test', 0),
('0e143e', 20000, -7, '2019-07-04 11:39:28', 'radi schastya', 0),
('0mhty', 975, 5, '2019-11-18 08:32:04', 'test', 0),
('0wj2ni', 698, 5, '2019-11-17 19:27:08', 'test', 0),
('1136cc', 1, 0, '2019-08-27 18:54:02', 'prosto tak', 0),
('129333', 500, 0, '2019-07-04 11:33:17', 'chtoby vsem bylo horosho', 0),
('16ea25', 500, 0, '2019-08-27 10:24:10', '\"just\"', 0),
('16fdbc', 500, 0, '2019-08-27 10:24:11', '\"just\"', 0),
('18a154', 500, 0, '2019-06-26 09:42:16', 'chtoby vsem bylo horosho', 0),
('1999d8', 999, 0, '2019-08-27 18:56:17', 'na horoshie dela', 0),
('1c420a', 615, 515, '2019-11-18 09:26:16', 'test', 0),
('1d78b6', 505, 505, '2019-11-18 05:18:12', 'test', 0),
('1d902e', 615, 615, '2019-11-18 05:33:11', 'test', 0),
('1e1c42', 998, 0, '2019-08-28 20:51:09', 'vo imya dobra', 0),
('1fqgvd', 254, 5, '2019-11-18 10:22:13', 'test', 0),
('1u82xk', 826, 826, '2019-11-17 14:19:30', 'test', 0),
('20a92c', 4955, 0, '2019-06-25 19:27:39', 'radi schastya', 0),
('22291a', 250, 150, '2019-11-18 22:09:12', 'test', 0),
('23afd8', 7382, -5475, '2019-07-04 11:36:10', 'vo imya dobra', 0),
('24307f', 400, 0, '2019-06-25 08:52:57', 'na blago Rodiny', 0),
('263848', 350, 0, '2019-06-26 12:00:43', 'prosto tak', 0),
('2a82c9', 1000, 0, '2019-08-27 10:44:48', 'radi schastya', 0),
('2b1z1i', 437, 437, '2019-11-17 13:01:16', 'test', 0),
('2cc96f', 355, 355, '2019-11-18 05:34:05', 'test', 0),
('2ce193', 968, 868, '2019-11-18 13:53:25', 'test', 0),
('2d68d2', 159, 59, '2019-11-18 08:55:51', 'test', 0),
('2e08c7', 525, 425, '2019-11-18 08:40:05', 'test', 0),
('2e0oo', 866, 5, '2019-11-23 13:25:27', 'test', 0),
('2edca1', 400, 0, '2019-06-26 14:28:15', 'chtoby vsem bylo horosho', 0),
('2qe48q', 148, 5, '2019-11-17 18:03:05', 'test', 0),
('2y8z7i', 503, 5, '2019-11-17 17:32:58', 'test', 0),
('305bdb', 555, 0, '2019-06-26 05:05:50', 'prosto tak', 0),
('30b0c2', 300, 0, '2019-06-26 10:27:03', 'prosto tak', 0),
('30f628', 5000, 0, '2019-06-25 08:56:41', 'radi schastya', 0),
('30gm9m', 850, 850, '2019-11-17 12:55:43', 'test', 0),
('32573a', 500, 0, '2019-06-25 19:27:26', 'na horoshie dela', 0),
('33eb61', 200, 0, '2019-08-27 10:36:40', 'prosto tak', 0),
('3460d4', 401, 301, '2019-11-18 10:22:17', 'test', 0),
('36bw9', 578, 5, '2019-11-26 17:42:16', 'test', 0),
('38060c', 100, 0, '2019-08-29 17:43:57', 'vo imya dobra', 0),
('387f46', 1000, 1000, '2019-05-14 08:19:07', 'djfdj', 0),
('39172c', 500, 0, '2019-08-27 10:24:11', '\"just\"', 0),
('39dfc1', 60000, 0, '2019-06-25 19:27:51', 'chtoby vsem bylo horosho', 0),
('3b6cb7', 1000, 0, '2019-09-01 17:28:27', 'na blago Rodiny', 0),
('3c03fc', 840, 840, '2019-11-18 05:31:53', 'test', 0),
('3c99e3', 5000, 0, '2019-06-25 08:49:25', '\"-\"', 0),
('3ca4f2', 659, 659, '2019-11-18 05:08:28', 'test', 0),
('3f1vo5', 625, 5, '2019-11-17 17:36:01', 'test', 0),
('3f5dd5', 666, 0, '2019-07-04 11:43:21', 'radi schastya', 0),
('3s0r6m', 684, 5, '2019-11-18 07:59:16', 'test', 0),
('402001', 840, 840, '2019-11-18 04:49:10', 'test', 0),
('4089a6', 400, 0, '2019-08-27 16:56:19', 'radi schastya', 0),
('40y4ce', 727, 727, '2019-11-17 12:56:10', 'test', 0),
('421ecc', 679, 679, '2019-11-18 05:29:25', 'test', 0),
('426644', 356, 256, '2019-11-18 18:12:46', 'test', 0),
('429741', 228, 0, '2019-10-10 18:08:22', 'radi schastya', 0),
('42h7zrh', 511, 5, '2019-11-18 13:06:21', 'test', 0),
('43bb34', 100, 100, '2019-06-14 18:37:45', 'na blago Rodiny', 0),
('44c873', 477, 477, '2019-11-18 05:35:37', 'test', 0),
('46j0rn', 340, 340, '2019-11-17 13:00:46', 'test', 0),
('478a2d', 1000, 0, '2019-06-25 11:40:33', 'prosto tak', 0),
('4b2e3e', 10000, 10000, '2019-06-14 18:48:26', 'prosto tak', 0),
('4bf886', 5000, 0, '2019-06-25 08:50:03', '\"-\"', 0),
('4ced3c', 2342, 0, '2019-06-25 19:27:39', 'radi schastya', 0),
('4d65a8', 691, 691, '2019-11-18 05:24:36', 'test', 0),
('4vcoos', 847, 5, '2019-11-17 17:55:04', 'test', 0),
('501289', 515, 415, '2019-11-26 15:57:31', 'test', 0),
('51d148', 423, 423, '2019-11-18 05:04:00', 'test', 0),
('5232a4', 75839, 0, '2019-07-04 11:39:39', 'na horoshie dela', 0),
('544168', 400, 0, '2019-06-25 19:27:26', 'prosto tak', 0),
('58301c', 879, 779, '2019-11-26 17:42:20', 'test', 0),
('58ab0c', 1000, 0, '2019-07-04 11:39:48', 'vo imya dobra', 0),
('593ja58', 563, 5, '2019-11-17 17:31:39', 'test', 0),
('5a6aca', 3783, 0, '2019-07-04 11:42:20', 'na horoshie dela', 0),
('5b04mn', 958, 5, '2019-11-17 17:30:33', 'test', 0),
('5c83cc', 840, 840, '2019-11-18 04:50:44', 'test', 0),
('5e45e1', 600, 0, '2019-06-26 13:43:11', 'chtoby vsem bylo horosho', 0),
('5eee88', 21, 0, '2019-08-27 20:17:47', 'chtoby vsem bylo horosho', 0),
('5mvjx', 458, 5, '2019-11-18 18:12:41', 'test', 0),
('5p8neh', 566, 5, '2019-11-17 17:59:42', 'test', 0),
('60b64d', 998, 0, '2019-08-28 19:44:06', 'prosto tak', 0),
('60c45a', 450, 450, '2019-11-18 05:22:50', 'test', 0),
('61099a', 479, 479, '2019-11-18 04:59:00', 'test', 0),
('638881', 500, 0, '2019-08-27 10:24:11', '\"just\"', 0),
('6533f0', 5000, 0, '2019-06-25 08:12:49', 'na blago Rodiny', 0),
('655972', 497, 497, '2019-11-18 05:31:35', 'test', 0),
('66a402', 88, 0, '2019-08-29 17:13:02', 'vo imya dobra', 0),
('69bc94', 5000, 0, '2019-06-25 19:27:31', 'chtoby vsem bylo horosho', 0),
('6b1294', 200, 0, '2019-06-25 09:32:02', 'na horoshie dela', 0),
('6d5044', 845, 845, '2019-11-18 05:21:14', 'test', 0),
('6e9faf', 638, 538, '2019-11-23 13:25:31', 'test', 0),
('6fb5f2', 346, 346, '2019-11-18 05:29:48', 'test', 0),
('6r28xd', 849, 5, '2019-11-18 09:12:09', 'test', 0),
('739010', 400, 0, '2019-06-26 09:53:44', 'chtoby vsem bylo horosho', 0),
('79fii', 509, 5, '2019-11-17 17:55:38', 'test', 0),
('7a555a', 500, 0, '2019-06-25 19:27:27', 'chtoby vsem bylo horosho', 0),
('7ba5b7', 812, 812, '2019-11-18 05:36:16', 'test', 0),
('7d521b', 659, 559, '2019-11-18 13:06:24', 'test', 0),
('7ecmek', 551, 5, '2019-11-18 08:19:33', 'test', 0),
('7jqtnp', 343, 5, '2019-11-18 08:40:21', 'test', 0),
('7qkdcy', 916, 5, '2019-11-18 08:15:32', 'test', 0),
('7tdrop', 229, 5, '2019-11-18 09:26:12', 'test', 0),
('7y6n3j', 307, 5, '2019-11-18 08:34:01', 'test', 0),
('8009fd', 966, 966, '2019-11-18 05:31:00', 'test', 0),
('8211f0', 459, 359, '2019-11-18 08:40:24', 'test', 0),
('825b93', 300, 0, '2019-08-28 21:10:58', 'vo imya dobra', 0),
('841d8l', 829, 5, '2019-11-18 07:58:59', 'test', 0),
('8846d2', 1000, 1000, '2019-06-16 07:14:58', 'vo imya dobra', 0),
('88d257', 5000, 0, '2019-06-25 08:49:20', '\"-\"', 0),
('88e6f5', 500, 0, '2019-08-27 10:24:12', '\"just\"', 0),
('8b38f1', 10102, 0, '2019-06-25 19:31:35', 'radi schastya', 0),
('8c4995', 10101, 0, '2019-06-25 19:59:41', 'na horoshie dela', 0),
('8c659c', 403, 0, '2019-06-25 19:27:33', 'prosto tak', 0),
('8cdbd7', 908, 908, '2019-11-18 05:34:35', 'test', 0),
('8cdc26', 711, 711, '2019-11-18 05:30:39', 'test', 0),
('8d9b7c', 667, 0, '2019-07-04 11:43:17', 'na blago Rodiny', 0),
('8e50bf', 5000, 0, '2019-06-25 08:49:36', '\"-\"', 0),
('8nq0nv', 586, 5, '2019-11-18 08:31:31', 'test', 0),
('900ad8', 10000, 0, '2019-07-04 11:40:37', 'prosto tak', 0),
('91104b', 152, 152, '2019-11-18 05:05:02', 'test', 0),
('91d6d6', 1001, 0, '2019-08-29 17:15:08', 'na blago Rodiny', 0),
('92o8so', 591, 591, '2019-11-17 14:25:32', 'test', 0),
('93e388', 720, 620, '2019-11-18 22:24:12', 'test', 0),
('947495', 908, 908, '2019-11-18 05:35:06', 'test', 0),
('9a9f14', 57886, 0, '2019-07-05 18:01:39', 'vo imya dobra', 0),
('9b0dbc', 126, 126, '2019-11-18 04:53:31', 'test', 0),
('9c6cca', 100, 100, '2019-06-15 03:59:46', 'na blago Rodiny', 0),
('9donbb', 794, 5, '2019-11-18 07:53:30', 'test', 0),
('9e0qrq', 872, 872, '2019-11-17 13:03:37', 'test', 0),
('9f2626', 592, 592, '2019-11-18 05:19:37', 'test', 0),
('9foe0s', 926, 926, '2019-11-17 12:56:19', 'test', 0),
('9y2xvk', 964, 5, '2019-11-18 08:13:48', 'test', 0),
('a305fa', 430, 0, '2019-06-26 12:49:11', 'chtoby vsem bylo horosho', 0),
('a50551', 223, 123, '2019-11-18 15:06:10', 'test', 0),
('a5dde0', 399, 399, '2019-11-18 05:32:09', 'test', 0),
('a647bc', 213, 213, '2019-11-18 04:53:57', 'test', 0),
('aa5ef4', 464, 364, '2019-11-18 08:58:26', 'test', 0),
('ab9bb9', 5000, 0, '2019-06-25 08:49:36', '\"-\"', 0),
('aca1be', 7000, 0, '2019-07-04 11:37:16', 'na horoshie dela', 0),
('af88o', 778, 5, '2019-11-17 17:34:47', 'test', 0),
('affff4', 400, 0, '2019-07-02 13:53:23', 'na blago Rodiny', 0),
('ak0swb', 575, 5, '2019-11-18 08:36:12', 'test', 0),
('alrtj8', 816, 5, '2019-11-18 08:55:47', 'test', 0),
('ax9ode', 231, 5, '2019-11-18 07:49:09', 'test', 0),
('b3196e', 500, 0, '2019-06-25 11:45:42', 'chtoby vsem bylo horosho', 0),
('b3ba5b', 6400, 0, '2019-06-25 19:27:38', 'vo imya dobra', 0),
('b4f371', 659, 559, '2019-11-18 09:12:12', 'test', 0),
('b4fb80', 439, 439, '2019-11-18 05:28:56', 'test', 0),
('b52c56', 370, 370, '2019-11-18 05:16:37', 'test', 0),
('b70e62', 470, 370, '2019-11-23 13:25:03', 'test', 0),
('b8122f', 500, 0, '2019-08-27 10:24:13', '\"just\"', 0),
('ba85e2', 100, 100, '2019-08-11 09:23:01', '\"justforlulz\"', 0),
('bd4be8', 1008, 0, '2019-08-30 19:19:23', 'na blago Rodiny', 0),
('bf1da3', 851, 851, '2019-11-18 05:32:48', 'test', 0),
('bf9ce9', 5000, 0, '2019-06-25 08:49:19', 'vo imya dobra', 0),
('bzfez5', 403, 403, '2019-11-17 13:11:29', 'test', 0),
('c1i1yr', 717, 5, '2019-11-18 08:32:44', 'test', 0),
('c2k8q', 545, 5, '2019-11-18 08:20:35', 'test', 0),
('c4d019', 3000, 0, '2019-06-25 09:02:02', 'prosto tak', 0),
('c4e9b8', 3402, 0, '2019-06-25 19:27:39', 'na blago Rodiny', 0),
('c55358', 500, 0, '2019-08-27 10:24:19', '\"just\"', 0),
('c56cb6', 22202, 0, '2019-07-04 07:19:13', 'prosto tak', 0),
('cef19a', 400, 400, '2019-06-16 07:05:09', 'chtoby vsem bylo horosho', 0),
('cghiou', 707, 5, '2019-11-17 17:34:00', 'test', 0),
('d0e33b', 200, 0, '2019-08-27 18:58:01', 'na blago Rodiny', 0),
('d16290', 2999, 0, '2019-07-04 11:38:37', 'na blago Rodiny', 0),
('d52cfc', 500, 0, '2019-06-25 19:27:27', 'na blago Rodiny', 0),
('d9e0fe', 300, 0, '2019-06-25 19:27:25', 'prosto tak', 0),
('d9f507', 184, 5, '2019-11-18 09:00:13', 'test', 0),
('dad726', 1400, 0, '2019-06-25 11:12:40', 'na blago Rodiny', 0),
('db4ygf', 376, 5, '2019-11-18 08:14:46', 'test', 0),
('dc7a75', 5000, 0, '2019-06-25 09:31:29', 'prosto tak', 0),
('e0b886', 350, 0, '2019-06-25 19:27:32', 'radi schastya', 0),
('e115b0', 99999, 0, '2019-07-04 11:42:40', 'vo imya dobra', 0),
('e1a0d2', 1009, 0, '2019-08-27 10:29:49', 'vo imya dobra', 0),
('e37796', 5000, 0, '2019-06-25 08:50:18', 'vo imya dobra', 0),
('e40b8', 643, 5, '2019-11-18 07:44:31', 'test', 0),
('e65260', 500, 0, '2019-06-25 19:27:26', 'radi schastya', 0),
('ebfaba', 400, 0, '2019-06-26 08:28:48', 'vo imya dobra', 0),
('ebn00o', 631, 5, '2019-11-18 08:57:35', 'test', 0),
('efae33', 50000, 0, '2019-07-04 11:38:28', 'chtoby vsem bylo horosho', 0),
('ewvbsp', 669, 5, '2019-11-25 09:09:41', 'test', 0),
('f03192', 100, 0, '2019-08-30 04:05:03', 'chtoby vsem bylo horosho', 0),
('f13c2e', 300, 0, '2019-10-01 10:34:01', 'radi schastya', 0),
('f2976e', 891, 891, '2019-11-18 05:15:37', 'test', 0),
('f32b7d', 500, 0, '2019-06-25 19:56:43', 'vo imya dobra', 0),
('f402d9', 658, 658, '2019-11-18 05:28:35', 'test', 0),
('f4802d', 212, 112, '2019-11-26 09:00:43', 'test', 0),
('f4f22e', 312, 312, '2019-11-18 04:47:02', 'test', 0),
('f53fc3', 249, 249, '2019-11-18 05:33:34', 'test', 0),
('f8321d', 4500, 0, '2019-06-26 15:01:09', 'prosto tak', 0),
('f83d49', 184, 84, '2019-11-25 09:09:44', 'test', 0),
('fb3f43', 100, 0, '2019-07-04 11:38:16', 'chtoby vsem bylo horosho', 0),
('fcd266', 933, 933, '2019-11-18 05:20:39', 'test', 0),
('fcf830', 100, 0, '2019-09-01 17:30:16', 'radi schastya', 0),
('fjbejx', 488, 5, '2019-11-18 07:25:34', 'test', 0),
('ftnarl', 603, 5, '2019-11-18 08:24:32', 'test', 0),
('id39re', 551, 5, '2019-11-17 17:33:39', 'test', 0),
('ie27tj', 565, 565, '2019-11-17 13:11:17', 'test', 0),
('ieh9ao', 376, 5, '2019-11-18 08:15:19', 'test', 0),
('im69b4', 971, 5, '2019-11-18 08:40:01', 'test', 0),
('ine1gm', 790, 5, '2019-11-18 08:29:44', 'test', 0),
('isao3', 205, 5, '2019-11-18 08:16:32', 'test', 0),
('j1l77w', 541, 5, '2019-11-26 09:00:40', 'test', 0),
('j6cw4', 310, 5, '2019-11-17 17:35:08', 'test', 0),
('jl9l57', 683, 5, '2019-11-18 08:58:23', 'test', 0),
('jqj4', 387, 5, '2019-11-18 08:35:02', 'test', 0),
('jqrvig', 986, 986, '2019-11-17 13:52:28', 'test', 0),
('k81apw', 334, 5, '2019-11-17 18:19:29', 'test', 0),
('kzl2n', 247, 5, '2019-11-17 17:48:22', 'test', 0),
('l98j9', 151, 5, '2019-11-17 18:42:52', 'test', 0),
('lba5wm', 126, 5, '2019-11-18 08:05:01', 'test', 0),
('lyk4u8', 395, 5, '2019-11-23 13:24:59', 'test', 0),
('mb082k', 824, 5, '2019-11-18 08:14:05', 'test', 0),
('mnrn35', 149, 5, '2019-11-18 08:31:49', 'test', 0),
('n8h7o', 335, 5, '2019-11-17 17:29:26', 'test', 0),
('njvv8i', 833, 5, '2019-11-18 08:03:59', 'test', 0),
('njxtch', 730, 5, '2019-11-17 17:32:20', 'test', 0),
('no6tbr', 863, 5, '2019-11-17 17:55:28', 'test', 0),
('nr30pe', 815, 5, '2019-11-26 15:57:27', 'test', 0),
('nxdyng', 212, 212, '2019-11-17 14:24:46', 'test', 0),
('opjcnn', 856, 5, '2019-11-17 17:31:21', 'test', 0),
('oylxm', 844, 5, '2019-11-17 18:00:48', 'test', 0),
('pgcwx7', 112, 5, '2019-11-17 17:30:19', 'test', 0),
('pgj4yh', 194, 5, '2019-11-17 17:39:24', 'test', 0),
('phltt', 962, 5, '2019-11-18 08:34:31', 'test', 0),
('qbavup', 307, 5, '2019-11-17 17:39:49', 'test', 0),
('qdqx8a', 697, 5, '2019-11-17 18:06:30', 'test', 0),
('qs85ol', 834, 5, '2019-11-18 07:13:02', 'test', 0),
('racbzp', 446, 5, '2019-11-17 17:58:50', 'test', 0),
('s97dlp', 479, 479, '2019-11-17 14:18:35', 'test', 0),
('tq5xhm', 813, 5, '2019-11-18 08:28:31', 'test', 0),
('tw4zzf', 766, 5, '2019-11-17 17:37:42', 'test', 0),
('tzycn', 283, 5, '2019-11-17 17:46:52', 'test', 0),
('u83st', 642, 5, '2019-11-18 08:28:52', 'test', 0),
('uehgcr', 960, 5, '2019-11-18 08:33:30', 'test', 0),
('uhere', 122, 5, '2019-11-18 09:22:48', 'test', 0),
('umhf1l', 500, 5, '2019-11-18 08:30:34', 'test', 0),
('v2j8ig', 483, 5, '2019-11-17 17:59:31', 'test', 0),
('v3vy7r', 359, 5, '2019-11-18 07:53:56', 'test', 0),
('v873ds', 887, 5, '2019-11-18 15:06:06', 'test', 0),
('vc0l9d', 297, 5, '2019-11-18 08:29:21', 'test', 0),
('vjk98q', 150, 5, '2019-11-18 08:35:33', 'test', 0),
('w7j4y', 865, 5, '2019-11-18 07:44:07', 'test', 0),
('w9x2gq', 110, 5, '2019-11-18 22:24:09', 'test', 0),
('wavwwb', 439, 5, '2019-11-17 17:57:22', 'test', 0),
('wf9vid', 673, 5, '2019-11-18 08:22:46', 'test', 0),
('wmdq0a', 993, 5, '2019-11-17 17:52:42', 'test', 0),
('wr1rp', 574, 5, '2019-11-18 07:47:00', 'test', 0),
('wvbcy', 797, 5, '2019-11-17 17:55:50', 'test', 0),
('x2b7ws', 909, 5, '2019-11-18 22:09:08', 'test', 0),
('xbmk2', 644, 5, '2019-11-17 18:55:59', 'test', 0),
('xjzno', 222, 5, '2019-11-18 08:33:06', 'test', 0),
('ys372p', 395, 5, '2019-11-18 08:18:07', 'test', 0),
('zf5fii', 608, 5, '2019-11-18 08:21:10', 'test', 0),
('zflzg', 143, 143, '2019-11-17 13:52:46', 'test', 0),
('zjgj2', 827, 5, '2019-11-17 17:48:08', 'test', 0),
('zt5lc', 570, 5, '2019-11-18 07:26:14', 'test', 0);

-- --------------------------------------------------------

--
-- Структура таблицы `Organizations`
--

CREATE TABLE `Organizations` (
  `organizationName` varchar(100) NOT NULL,
  `taxId` varchar(12) NOT NULL
) ENGINE=InnoDB DEFAULT CHARSET=latin1;

--
-- Дамп данных таблицы `Organizations`
--

INSERT INTO `Organizations` (`organizationName`, `taxId`) VALUES
('Fond \"Schastye vsem darom\"', '0000000001'),
('Fond \"Sprite - detyam\"', '0000000002'),
('Fond \"Kung-Fu Panda', '0000000003'),
('Fond borby s nischetoy', '0000000004'),
('GB SS', '1121007250'),
('KGBOU \"Zarinskaya Obshcheobrazovatelnaya Shkola-Internat\" ', '2205002796'),
('KGBU Detskiy Dom 1', '2721055384'),
('GBU AO \"Novodvinskiy Detskiy Dom-Internat\"', '2903002901'),
('OOO Dom Modeley \"Tait\"', '3666028325'),
('OGBUZ \"Ust-Ilimskaya gorodskaya Detskaya Poliklinika\"', '3817037885'),
('Detskaya Oblastnaya Bolnitca', '3905010466'),
('Detskiy Dom-Internat \"Malenkaya Strana\"', '3923000439'),
('Detskiy` Dom \"Rodnik\" Goroda Belovo', '4202018713'),
('Detskiy Dom \"Gvozdika\"', '4211003590'),
('Detskiy Dom Raduga', '4211007362'),
('GBUZ \"Magadanskaya Oblastnaya Detskaya Bolnitsa\"', '4909043545'),
('OOO \"Vinovodochny Otdel\"', '5919008573'),
('OOO \"Firma \"Detskiy Mir\"', '6227001881'),
('OOO \"Nochnoy Klub \"Eldorado\"', '6449015162'),
('AO \"Socialnye Apteki\"', '7714805934'),
('OOO \"Nochnoy Klub \"Solaris\"', '7717142530'),
('AO \"Bitkoin Kredit\"', '7722606844'),
('OOO \"Italyanskiy Komfort Plus\"', '7727512540'),
('OOO \"Pivnaya Yarmarka\"', '7728582357'),
('PAO \"Detskiy Mir\"', '7729355029'),
('IP Ivanov A. V.', '774336683881'),
('OOO \"Bukmeker Pab\"', '7743754297'),
('Bolshoy Sankt-Peterburgskiy Gosudarstvennyi Tcirk', '7803052993'),
('BU \"Okruzhnaya Klinicheskaya Bolnitsa\"', '8601004445');

-- --------------------------------------------------------

--
-- Структура таблицы `Transitions`
--

CREATE TABLE `Transitions` (
  `stepId` int(11) NOT NULL,
  `amount` int(11) NOT NULL,
  `timeStamp` timestamp NOT NULL DEFAULT current_timestamp() ON UPDATE current_timestamp(),
  `purpose` varchar(50) DEFAULT NULL,
  `accountNumber` varchar(20) NOT NULL,
  `donationId` varchar(10) NOT NULL,
  `isWrited` int(11) NOT NULL
) ENGINE=InnoDB DEFAULT CHARSET=latin1;

--
-- Дамп данных таблицы `Transitions`
--

INSERT INTO `Transitions` (`stepId`, `amount`, `timeStamp`, `purpose`, `accountNumber`, `donationId`, `isWrited`) VALUES
(1, 5000, '2019-06-25 05:09:17', 'Postuplenie na schet fonda', '10000000000000000002', '6533f0', 0),
(2, 3760, '2019-06-25 05:12:39', '_', '7810020932', '6533f0', 0),
(3, 1166, '2019-06-25 05:12:44', '_', '8422007180', '6533f0', 0),
(4, 74, '2019-06-25 05:12:49', '_', '15455025080', '6533f0', 0),
(5, 5000, '2019-06-25 05:13:48', 'Postuplenie na schet fonda', '10000000000000000001', 'bf9ce9', 0),
(6, 5000, '2019-06-25 05:40:12', 'Postuplenie na schet fonda', '10000000000000000001', '3c99e3', 0),
(7, 5000, '2019-06-25 05:43:31', 'Postuplenie na schet fonda', '10000000000000000001', '88d257', 0),
(8, 4473, '2019-06-25 05:49:07', '_', '12898030324', 'bf9ce9', 0),
(9, 3941, '2019-06-25 05:49:07', '_', '8422007180', '3c99e3', 0),
(10, 4805, '2019-06-25 05:49:08', '_', '11838017146', '88d257', 0),
(11, 492, '2019-06-25 05:49:13', '_', '15458710058', 'bf9ce9', 0),
(12, 746, '2019-06-25 05:49:13', '_', '5806005802', '3c99e3', 0),
(13, 153, '2019-06-25 05:49:14', '_', '9818087090', '88d257', 0),
(14, 35, '2019-06-25 05:49:19', '_', '7810020932', 'bf9ce9', 0),
(15, 5000, '2019-06-25 05:49:21', 'Postuplenie na schet fonda', '10000000000000000001', '8e50bf', 0),
(16, 301, '2019-06-25 05:49:19', '_', '15445213688', '3c99e3', 0),
(17, 42, '2019-06-25 05:49:20', '_', '7846000878', '88d257', 0),
(18, 5000, '2019-06-25 05:49:22', 'Postuplenie na schet fonda', '10000000000000000001', 'ab9bb9', 0),
(19, 12, '2019-06-25 05:49:25', '_', '17202008890', '3c99e3', 0),
(20, 3621, '2019-06-25 05:49:25', '_', '15606105986', '8e50bf', 0),
(21, 4866, '2019-06-25 05:49:25', '_', '15429611868', 'ab9bb9', 0),
(22, 1355, '2019-06-25 05:49:30', '_', '15429611868', '8e50bf', 0),
(23, 106, '2019-06-25 05:49:30', '_', '2242014500', 'ab9bb9', 0),
(24, 24, '2019-06-25 05:49:36', '_', '7810020932', '8e50bf', 0),
(25, 28, '2019-06-25 05:49:36', '_', '7846000878', 'ab9bb9', 0),
(26, 5000, '2019-06-25 05:49:46', 'Postuplenie na schet fonda', '10000000000000000001', '4bf886', 0),
(27, 4105, '2019-06-25 05:49:47', '_', '15458710058', '4bf886', 0),
(28, 678, '2019-06-25 05:49:52', '_', '12454003762', '4bf886', 0),
(29, 161, '2019-06-25 05:49:57', '_', '7332056650', '4bf886', 0),
(30, 56, '2019-06-25 05:50:03', '_', '15458710058', '4bf886', 0),
(31, 5000, '2019-06-25 05:50:03', 'Postuplenie na schet fonda', '10000000000000000004', 'e37796', 0),
(32, 3472, '2019-06-25 05:50:08', '_', '8404037426', 'e37796', 0),
(33, 1517, '2019-06-25 05:50:13', '_', '15606105986', 'e37796', 0),
(34, 11, '2019-06-25 05:50:18', '_', '7332056650', 'e37796', 0),
(35, 400, '2019-06-25 05:52:45', 'Postuplenie na schet fonda', '10000000000000000004', '24307f', 0),
(36, 296, '2019-06-25 05:52:46', '_', '12454003762', '24307f', 0),
(37, 81, '2019-06-25 05:52:52', '_', '8422007180', '24307f', 0),
(38, 23, '2019-06-25 05:52:57', '_', '5442110768', '24307f', 0),
(39, 5000, '2019-06-25 05:56:24', 'Postuplenie na schet fonda', '10000000000000000003', '30f628', 0),
(40, 4145, '2019-06-25 05:56:25', '_', '7332056650', '30f628', 0),
(41, 651, '2019-06-25 05:56:30', '_', '8422014724', '30f628', 0),
(42, 160, '2019-06-25 05:56:35', '_', '8422014724', '30f628', 0),
(43, 44, '2019-06-25 05:56:40', '_', '15445213688', '30f628', 0),
(44, 3000, '2019-06-25 06:01:43', 'Postuplenie na schet fonda', '10000000000000000001', 'c4d019', 0),
(45, 2282, '2019-06-25 06:01:47', '_', '15458710058', 'c4d019', 0),
(46, 508, '2019-06-25 06:01:52', '_', '7634075770', 'c4d019', 0),
(47, 142, '2019-06-25 06:01:57', '_', '12454003762', 'c4d019', 0),
(48, 68, '2019-06-25 06:02:02', '_', '11838017146', 'c4d019', 0),
(49, 5000, '2019-06-25 06:31:12', 'Postuplenie na schet fonda', '10000000000000000003', 'dc7a75', 0),
(50, 3989, '2019-06-25 06:31:13', '_', '15606105986', 'dc7a75', 0),
(51, 688, '2019-06-25 06:31:19', '_', '5806005802', 'dc7a75', 0),
(52, 291, '2019-06-25 06:31:24', '_', '4410005592', 'dc7a75', 0),
(53, 32, '2019-06-25 06:31:29', '_', '15455025080', 'dc7a75', 0),
(54, 200, '2019-06-25 06:31:56', 'Postuplenie na schet fonda', '10000000000000000001', '6b1294', 0),
(55, 133, '2019-06-25 06:31:57', '_', '8404037426', '6b1294', 0),
(56, 67, '2019-06-25 06:32:02', '_', '11838017146', '6b1294', 0),
(57, 500, '2019-06-25 06:50:36', 'Postuplenie na schet fonda', '10000000000000000001', '0c41f4', 0),
(58, 495, '2019-06-25 06:50:36', '_', '2242014500', '0c41f4', 0),
(59, 5, '2019-06-25 06:50:42', '_', '15455025080', '0c41f4', 0),
(60, 1400, '2019-06-25 08:12:32', 'Postuplenie na schet fonda', '10000000000000000001', 'dad726', 0),
(61, 1356, '2019-06-25 08:12:35', '_', '7810020932', 'dad726', 0),
(62, 44, '2019-06-25 08:12:40', '_', '12898030324', 'dad726', 0),
(63, 1000, '2019-06-25 08:40:21', 'Postuplenie na schet fonda', '10000000000000000001', '478a2d', 0),
(64, 846, '2019-06-25 08:40:22', '_', '12454003762', '478a2d', 0),
(65, 138, '2019-06-25 08:40:27', '_', '15487508594', '478a2d', 0),
(66, 16, '2019-06-25 08:40:33', '_', '1548673367762', '478a2d', 0),
(67, 5000, '2019-06-25 08:43:24', 'Postuplenie na schet fonda', '10000000000000000002', '69bc94', 0),
(68, 300, '2019-06-25 08:43:56', 'Postuplenie na schet fonda', '10000000000000000004', 'd9e0fe', 0),
(69, 500, '2019-06-25 08:44:49', 'Postuplenie na schet fonda', '10000000000000000004', '32573a', 0),
(70, 500, '2019-06-25 08:45:30', 'Postuplenie na schet fonda', '10000000000000000001', 'b3196e', 0),
(71, 395, '2019-06-25 08:45:31', '_', '12454003762', 'b3196e', 0),
(72, 78, '2019-06-25 08:45:36', '_', '2242014500', 'b3196e', 0),
(73, 27, '2019-06-25 08:45:41', '_', '5806005802', 'b3196e', 0),
(74, 350, '2019-06-25 09:18:41', 'Postuplenie na schet fonda', '10000000000000000003', 'e0b886', 0),
(75, 400, '2019-06-25 10:57:15', 'Postuplenie na schet fonda', '10000000000000000001', '544168', 0),
(76, 6400, '2019-06-25 10:57:35', 'Postuplenie na schet fonda', '10000000000000000002', 'b3ba5b', 0),
(77, 403, '2019-06-25 10:57:48', 'Postuplenie na schet fonda', '10000000000000000004', '8c659c', 0),
(78, 500, '2019-06-25 10:58:05', 'Postuplenie na schet fonda', '10000000000000000002', '07d906', 0),
(79, 3402, '2019-06-25 10:58:25', 'Postuplenie na schet fonda', '10000000000000000003', 'c4e9b8', 0),
(80, 500, '2019-06-25 10:58:47', 'Postuplenie na schet fonda', '10000000000000000003', 'e65260', 0),
(81, 60000, '2019-06-25 11:00:12', 'Postuplenie na schet fonda', '10000000000000000003', '39dfc1', 0),
(82, 4955, '2019-06-25 11:00:30', 'Postuplenie na schet fonda', '10000000000000000001', '20a92c', 0),
(83, 2342, '2019-06-25 11:00:55', 'Postuplenie na schet fonda', '10000000000000000001', '4ced3c', 0),
(84, 500, '2019-06-25 14:35:40', 'Postuplenie na schet fonda', '10000000000000000004', 'd52cfc', 0),
(85, 500, '2019-06-25 14:59:35', 'Postuplenie na schet fonda', '10000000000000000001', '7a555a', 0),
(86, 4889, '2019-06-25 16:27:17', '_', '5442110768', '69bc94', 0),
(87, 234, '2019-06-25 16:27:17', '_', '15457164714', 'e0b886', 0),
(88, 278, '2019-06-25 16:27:17', '_', '5442110768', 'd9e0fe', 0),
(89, 4243, '2019-06-25 16:27:17', '_', '9818087090', '20a92c', 0),
(90, 4731, '2019-06-25 16:27:17', '_', '2242014500', 'b3ba5b', 0),
(91, 2466, '2019-06-25 16:27:17', '_', '7810020932', 'c4e9b8', 0),
(92, 457, '2019-06-25 16:27:17', '_', '5806005802', '32573a', 0),
(93, 1579, '2019-06-25 16:27:18', '_', '12454003762', '4ced3c', 0),
(94, 347, '2019-06-25 16:27:18', '_', '15429611868', '07d906', 0),
(95, 481, '2019-06-25 16:27:18', '_', '8422014724', 'e65260', 0),
(96, 295, '2019-06-25 16:27:18', '_', '12898030324', '8c659c', 0),
(97, 335, '2019-06-25 16:27:18', '_', '8422014724', '544168', 0),
(98, 42855, '2019-06-25 16:27:19', '_', '7810020932', '39dfc1', 0),
(99, 403, '2019-06-25 16:27:19', '_', '9818087090', 'd52cfc', 0),
(100, 452, '2019-06-25 16:27:19', '_', '7846000878', '7a555a', 0),
(101, 87, '2019-06-25 16:27:24', '_', '1548673367762', '69bc94', 0),
(102, 1471, '2019-06-25 16:27:25', '_', '2242014500', 'b3ba5b', 0),
(103, 99, '2019-06-25 16:27:25', '_', '15434285060', 'e0b886', 0),
(104, 22, '2019-06-25 16:27:25', '_', '12454003762', 'd9e0fe', 0),
(105, 492, '2019-06-25 16:27:25', '_', '7634075770', '20a92c', 0),
(106, 146, '2019-06-25 16:27:25', '_', '12454003762', '07d906', 0),
(107, 627, '2019-06-25 16:27:25', '_', '7810020932', 'c4e9b8', 0),
(108, 43, '2019-06-25 16:27:26', '_', '8404037426', '32573a', 0),
(109, 549, '2019-06-25 16:27:26', '_', '8422014724', '4ced3c', 0),
(110, 19, '2019-06-25 16:27:26', '_', '15606105986', 'e65260', 0),
(111, 86, '2019-06-25 16:27:26', '_', '8422007180', '8c659c', 0),
(112, 65, '2019-06-25 16:27:26', '_', '15606105986', '544168', 0),
(113, 11914, '2019-06-25 16:27:26', '_', '15458710058', '39dfc1', 0),
(114, 97, '2019-06-25 16:27:27', '_', '11838017146', 'd52cfc', 0),
(115, 48, '2019-06-25 16:27:27', '_', '5442110768', '7a555a', 0),
(116, 24, '2019-06-25 16:27:31', '_', '8422014724', '69bc94', 0),
(117, 179, '2019-06-25 16:27:32', '_', '15455025080', 'b3ba5b', 0),
(118, 7, '2019-06-25 16:27:32', '_', '15606105986', '07d906', 0),
(119, 17, '2019-06-25 16:27:32', '_', '17202008890', 'e0b886', 0),
(120, 22, '2019-06-25 16:27:32', '_', '15434285060', '8c659c', 0),
(121, 162, '2019-06-25 16:27:33', '_', '12454003762', '20a92c', 0),
(122, 230, '2019-06-25 16:27:33', '_', '8422007180', 'c4e9b8', 0),
(123, 155, '2019-06-25 16:27:33', '_', '12454003762', '4ced3c', 0),
(124, 4408, '2019-06-25 16:27:33', '_', '15457164714', '39dfc1', 0),
(125, 19, '2019-06-25 16:27:38', '_', '1548673367762', 'b3ba5b', 0),
(126, 58, '2019-06-25 16:27:39', '_', '11838017146', '20a92c', 0),
(127, 79, '2019-06-25 16:27:39', '_', '12454003762', 'c4e9b8', 0),
(128, 59, '2019-06-25 16:27:39', '_', '5806005802', '4ced3c', 0),
(129, 570, '2019-06-25 16:27:40', '_', '9818087090', '39dfc1', 0),
(130, 244, '2019-06-25 16:27:45', '_', '8422014724', '39dfc1', 0),
(131, 9, '2019-06-25 16:27:51', '_', '2242014500', '39dfc1', 0),
(132, 10102, '2019-06-25 16:31:21', 'Postuplenie na schet fonda', '10000000000000000004', '8b38f1', 0),
(133, 9272, '2019-06-25 16:31:23', '_', '15487508594', '8b38f1', 0),
(134, 761, '2019-06-25 16:31:29', '_', '15455025080', '8b38f1', 0),
(135, 69, '2019-06-25 16:31:35', '_', '15487508594', '8b38f1', 0),
(136, 500, '2019-06-25 16:56:35', 'Postuplenie na schet fonda', '10000000000000000004', 'f32b7d', 0),
(137, 413, '2019-06-25 16:56:37', '_', '7846000878', 'f32b7d', 0),
(138, 87, '2019-06-25 16:56:43', '_', '8404037426', 'f32b7d', 0),
(139, 10101, '2019-06-25 16:59:21', 'Postuplenie na schet fonda', '10000000000000000004', '8c4995', 0),
(140, 8594, '2019-06-25 16:59:24', '_', '15458710058', '8c4995', 0),
(141, 1343, '2019-06-25 16:59:29', '_', '1548673367762', '8c4995', 0),
(142, 116, '2019-06-25 16:59:35', '_', '15457164714', '8c4995', 0),
(143, 48, '2019-06-25 16:59:41', '_', '15457164714', '8c4995', 0),
(144, 555, '2019-06-26 02:05:41', 'Postuplenie na schet fonda', '10000000000000000003', '305bdb', 0),
(145, 519, '2019-06-26 02:05:44', '_', '8422007180', '305bdb', 0),
(146, 36, '2019-06-26 02:05:50', '_', '2242014500', '305bdb', 0),
(147, 400, '2019-06-26 05:28:34', 'Postuplenie na schet fonda', '10000000000000000001', 'ebfaba', 0),
(148, 298, '2019-06-26 05:28:37', '_', '15429611868', 'ebfaba', 0),
(149, 81, '2019-06-26 05:28:42', '_', '15445213688', 'ebfaba', 0),
(150, 21, '2019-06-26 05:28:48', '_', '15606105986', 'ebfaba', 0),
(151, 500, '2019-06-26 06:42:05', 'Postuplenie na schet fonda', '10000000000000000002', '18a154', 0),
(152, 435, '2019-06-26 06:42:09', '_', '12898030324', '18a154', 0),
(153, 65, '2019-06-26 06:42:16', '_', '15458710058', '18a154', 0),
(154, 400, '2019-06-26 06:53:34', 'Postuplenie na schet fonda', '10000000000000000002', '739010', 0),
(155, 319, '2019-06-26 06:53:38', '_', '8422014724', '739010', 0),
(156, 81, '2019-06-26 06:53:44', '_', '17202008890', '739010', 0),
(157, 300, '2019-06-26 07:26:53', 'Postuplenie na schet fonda', '10000000000000000002', '30b0c2', 0),
(158, 239, '2019-06-26 07:26:57', '_', '5442110768', '30b0c2', 0),
(159, 61, '2019-06-26 07:27:03', '_', '15455025080', '30b0c2', 0),
(160, 350, '2019-06-26 09:00:36', 'Postuplenie na schet fonda', '10000000000000000004', '263848', 0),
(161, 288, '2019-06-26 09:00:38', '_', '12454003762', '263848', 0),
(162, 62, '2019-06-26 09:00:43', '_', '7846000878', '263848', 0),
(163, 450, '2019-06-26 09:01:30', 'Postuplenie na schet fonda', '10000000000000000002', '03cce7', 0),
(164, 360, '2019-06-26 09:01:33', '_', '12454003762', '03cce7', 0),
(165, 90, '2019-06-26 09:01:39', '_', '8422007180', '03cce7', 0),
(166, 430, '2019-06-26 09:48:58', 'Postuplenie na schet fonda', '10000000000000000001', 'a305fa', 0),
(167, 300, '2019-06-26 09:48:59', '_', '7332056650', 'a305fa', 0),
(168, 106, '2019-06-26 09:49:05', '_', '15457164714', 'a305fa', 0),
(169, 24, '2019-06-26 09:49:10', '_', '2242014500', 'a305fa', 0),
(170, 600, '2019-06-26 10:42:57', 'Postuplenie na schet fonda', '10000000000000000002', '5e45e1', 0),
(171, 408, '2019-06-26 10:43:00', '_', '1548673367762', '5e45e1', 0),
(172, 187, '2019-06-26 10:43:06', '_', '7810020932', '5e45e1', 0),
(173, 5, '2019-06-26 10:43:11', '_', '11838017146', '5e45e1', 0),
(174, 400, '2019-06-26 11:28:05', 'Postuplenie na schet fonda', '10000000000000000003', '2edca1', 0),
(175, 378, '2019-06-26 11:28:09', '_', '12454003762', '2edca1', 0),
(176, 22, '2019-06-26 11:28:15', '_', '15487508594', '2edca1', 0),
(177, 4500, '2019-06-26 12:00:49', 'Postuplenie na schet fonda', '10000000000000000004', 'f8321d', 0),
(178, 3313, '2019-06-26 12:00:52', '_', '7810020932', 'f8321d', 0),
(179, 893, '2019-06-26 12:00:57', '_', '5806005802', 'f8321d', 0),
(180, 200, '2019-06-26 12:01:03', '_', '8422014724', 'f8321d', 0),
(181, 94, '2019-06-26 12:01:09', '_', '15434285060', 'f8321d', 0),
(182, 400, '2019-07-02 10:53:14', 'Postuplenie na schet fonda', '10000000000000000003', 'affff4', 0),
(183, 396, '2019-07-02 10:53:17', '_', '8422014724', 'affff4', 0),
(184, 4, '2019-07-02 10:53:23', '_', '7332056650', 'affff4', 0),
(185, 22202, '2019-07-04 04:19:05', 'Postuplenie na schet fonda', '10000000000000000002', 'c56cb6', 0),
(186, 21206, '2019-07-04 04:19:07', '_', '7846000878', 'c56cb6', 0),
(187, 976, '2019-07-04 04:19:08', '_', '12898030324', 'c56cb6', 0),
(188, 20, '2019-07-04 04:19:12', '_', '12898030324', 'c56cb6', 0),
(189, 500, '2019-07-04 08:33:16', 'Postuplenie na schet fonda', '10000000000000000003', '129333', 0),
(190, 467, '2019-07-04 08:33:17', '_', '5442110768', '129333', 0),
(191, 33, '2019-07-04 08:33:17', '_', '15458710058', '129333', 0),
(192, 7382, '2019-07-04 08:36:08', 'Postuplenie na schet fonda', '10000000000000000004', '23afd8', 0),
(193, 6788, '2019-07-04 08:36:10', '_', '7634075770', '23afd8', 0),
(194, 6069, '2019-07-04 08:36:10', '_', '15455025080', '23afd8', 0),
(195, 7000, '2019-07-04 08:37:07', 'Postuplenie na schet fonda', '10000000000000000003', 'aca1be', 0),
(196, 5686, '2019-07-04 08:37:10', '_', '17202008890', 'aca1be', 0),
(197, 953, '2019-07-04 08:37:10', '_', '15434285060', 'aca1be', 0),
(198, 314, '2019-07-04 08:37:16', '_', '15457164714', 'aca1be', 0),
(199, 47, '2019-07-04 08:37:16', '_', '7634075770', 'aca1be', 0),
(200, 50000, '2019-07-04 08:38:14', 'Postuplenie na schet fonda', '10000000000000000001', 'efae33', 0),
(201, 100, '2019-07-04 08:38:15', 'Postuplenie na schet fonda', '10000000000000000002', 'fb3f43', 0),
(202, 100, '2019-07-04 08:38:16', '_', '12898030324', 'fb3f43', 0),
(203, 43894, '2019-07-04 08:38:16', '_', '7332056650', 'efae33', 0),
(204, 4722, '2019-07-04 08:38:17', '_', '15487508594', 'efae33', 0),
(205, 972, '2019-07-04 08:38:22', '_', '5442110768', 'efae33', 0),
(206, 385, '2019-07-04 08:38:23', '_', '15429611868', 'efae33', 0),
(207, 27, '2019-07-04 08:38:27', '_', '15445213688', 'efae33', 0),
(208, 2999, '2019-07-04 08:38:28', 'Postuplenie na schet fonda', '10000000000000000004', 'd16290', 0),
(209, 2248, '2019-07-04 08:38:31', '_', '17202008890', 'd16290', 0),
(210, 582, '2019-07-04 08:38:32', '_', '12898030324', 'd16290', 0),
(211, 133, '2019-07-04 08:38:37', '_', '9818087090', 'd16290', 0),
(212, 36, '2019-07-04 08:38:37', '_', '7846000878', 'd16290', 0),
(213, 20000, '2019-07-04 08:39:13', 'Postuplenie na schet fonda', '10000000000000000003', '0e143e', 0),
(214, 17290, '2019-07-04 08:39:16', '_', '12454003762', '0e143e', 0),
(215, 2195, '2019-07-04 08:39:17', '_', '5806005802', '0e143e', 0),
(216, 409, '2019-07-04 08:39:22', '_', '15434285060', '0e143e', 0),
(217, 99, '2019-07-04 08:39:22', '_', '1548673367762', '0e143e', 0),
(218, 7, '2019-07-04 08:39:28', '_', '4410005592', '0e143e', 0),
(219, 7, '2019-07-04 08:39:28', '_', '2242014500', '0e143e', 0),
(220, 75839, '2019-07-04 08:39:29', 'Postuplenie na schet fonda', '10000000000000000003', '5232a4', 0),
(221, 61572, '2019-07-04 08:39:33', '_', '4410005592', '5232a4', 0),
(222, 13572, '2019-07-04 08:39:34', '_', '15434285060', '5232a4', 0),
(223, 1000, '2019-07-04 08:39:38', 'Postuplenie na schet fonda', '10000000000000000004', '58ab0c', 0),
(224, 602, '2019-07-04 08:39:38', '_', '4410005592', '5232a4', 0),
(225, 93, '2019-07-04 08:39:39', '_', '9818087090', '5232a4', 0),
(226, 856, '2019-07-04 08:39:43', '_', '17202008890', '58ab0c', 0),
(227, 125, '2019-07-04 08:39:43', '_', '8404037426', '58ab0c', 0),
(228, 19, '2019-07-04 08:39:48', '_', '15455025080', '58ab0c', 0),
(229, 10000, '2019-07-04 08:40:32', 'Postuplenie na schet fonda', '10000000000000000004', '900ad8', 0),
(230, 9973, '2019-07-04 08:40:34', '_', '15455025080', '900ad8', 0),
(231, 27, '2019-07-04 08:40:37', '_', '7846000878', '900ad8', 0),
(232, 3783, '2019-07-04 08:42:09', 'Postuplenie na schet fonda', '10000000000000000004', '5a6aca', 0),
(233, 2922, '2019-07-04 08:42:10', '_', '15457164714', '5a6aca', 0),
(234, 655, '2019-07-04 08:42:14', '_', '15457164714', '5a6aca', 0),
(235, 152, '2019-07-04 08:42:15', '_', '8422007180', '5a6aca', 0),
(236, 54, '2019-07-04 08:42:19', '_', '12898030324', '5a6aca', 0),
(237, 99999, '2019-07-04 08:42:35', 'Postuplenie na schet fonda', '10000000000000000003', 'e115b0', 0),
(238, 99931, '2019-07-04 08:42:37', '_', '15487508594', 'e115b0', 0),
(239, 68, '2019-07-04 08:42:40', '_', '15429611868', 'e115b0', 0),
(240, 667, '2019-07-04 08:43:10', 'Postuplenie na schet fonda', '10000000000000000002', '8d9b7c', 0),
(241, 532, '2019-07-04 08:43:11', '_', '7634075770', '8d9b7c', 0),
(242, 666, '2019-07-04 08:43:13', 'Postuplenie na schet fonda', '10000000000000000002', '3f5dd5', 0),
(243, 111, '2019-07-04 08:43:15', '_', '15487508594', '8d9b7c', 0),
(244, 472, '2019-07-04 08:43:15', '_', '15434285060', '3f5dd5', 0),
(245, 24, '2019-07-04 08:43:17', '_', '12454003762', '8d9b7c', 0),
(246, 136, '2019-07-04 08:43:17', '_', '17202008890', '3f5dd5', 0),
(247, 58, '2019-07-04 08:43:21', '_', '12454003762', '3f5dd5', 0),
(248, 57886, '2019-07-05 15:01:28', 'Postuplenie na schet fonda', '10000000000000000001', '9a9f14', 0),
(249, 45682, '2019-07-05 15:01:32', '_', '7810020932', '9a9f14', 0),
(250, 10981, '2019-07-05 15:01:33', '_', '11838017146', '9a9f14', 0),
(251, 1179, '2019-07-05 15:01:37', '_', '15487508594', '9a9f14', 0),
(252, 44, '2019-07-05 15:01:38', '_', '11838017146', '9a9f14', 0),
(254, 500, '2019-08-11 11:20:13', 'Postuplenie na schet fonda', '10000000000000000003', 'c55358', 0),
(255, 500, '2019-08-11 11:22:29', 'Postuplenie na schet fonda', '10000000000000000003', 'b8122f', 0),
(256, 500, '2019-08-11 11:25:01', 'Postuplenie na schet fonda', '10000000000000000003', '39172c', 0),
(257, 500, '2019-08-13 06:29:16', 'Postuplenie na schet fonda', '10000000000000000003', '88e6f5', 0),
(258, 500, '2019-08-13 06:31:10', 'Postuplenie na schet fonda', '10000000000000000003', '638881', 0),
(259, 500, '2019-08-13 06:32:41', 'Postuplenie na schet fonda', '10000000000000000003', '16ea25', 0),
(260, 500, '2019-08-13 07:24:20', 'Postuplenie na schet fonda', '10000000000000000003', '16fdbc', 0),
(261, 403, '2019-08-27 07:23:59', '_', '17202008890', '16ea25', 0),
(262, 438, '2019-08-27 07:24:02', '_', '8404037426', '16fdbc', 0),
(263, 442, '2019-08-27 07:24:03', '_', '5806005802', '39172c', 0),
(264, 483, '2019-08-27 07:24:04', '_', '15445213688', '638881', 0),
(265, 457, '2019-08-27 07:24:04', '_', '8422007180', '88e6f5', 0),
(266, 496, '2019-08-27 07:24:04', '_', '17202008890', 'b8122f', 0),
(267, 335, '2019-08-27 07:24:05', '_', '2242014500', 'c55358', 0),
(268, 97, '2019-08-27 07:24:10', '_', '15487508594', '16ea25', 0),
(269, 62, '2019-08-27 07:24:11', '_', '15445213688', '16fdbc', 0),
(270, 58, '2019-08-27 07:24:11', '_', '8422014724', '39172c', 0),
(271, 17, '2019-08-27 07:24:11', '_', '12898030324', '638881', 0),
(272, 43, '2019-08-27 07:24:12', '_', '8422007180', '88e6f5', 0),
(273, 4, '2019-08-27 07:24:12', '_', '5442110768', 'b8122f', 0),
(274, 125, '2019-08-27 07:24:13', '_', '8422007180', 'c55358', 0),
(275, 40, '2019-08-27 07:24:19', '_', '15606105986', 'c55358', 0),
(276, 1009, '2019-08-27 07:29:34', 'Postuplenie na schet fonda', '10000000000000000002', 'e1a0d2', 0),
(277, 790, '2019-08-27 07:29:37', '_', '15606105986', 'e1a0d2', 0),
(278, 161, '2019-08-27 07:29:44', '_', '11838017146', 'e1a0d2', 0),
(279, 58, '2019-08-27 07:29:49', '_', '5806005802', 'e1a0d2', 0),
(280, 200, '2019-08-27 07:36:30', 'Postuplenie na schet fonda', '10000000000000000001', '33eb61', 0),
(281, 195, '2019-08-27 07:36:34', '_', '7810020932', '33eb61', 0),
(282, 5, '2019-08-27 07:36:40', '_', '9818087090', '33eb61', 0),
(283, 1000, '2019-08-27 07:44:35', 'Postuplenie na schet fonda', '10000000000000000004', '2a82c9', 0),
(284, 846, '2019-08-27 07:44:37', '_', '2242014500', '2a82c9', 0),
(285, 135, '2019-08-27 07:44:43', '_', '15445213688', '2a82c9', 0),
(286, 19, '2019-08-27 07:44:48', '_', '15457164714', '2a82c9', 0),
(287, 400, '2019-08-27 13:56:11', 'Postuplenie na schet fonda', '10000000000000000002', '4089a6', 0),
(288, 364, '2019-08-27 13:56:13', '_', '12898030324', '4089a6', 0),
(289, 36, '2019-08-27 13:56:19', '_', '4410005592', '4089a6', 0),
(290, 1, '2019-08-27 15:54:01', 'Postuplenie na schet fonda', '10000000000000000003', '1136cc', 0),
(291, 1, '2019-08-27 15:54:02', '_', '2242014500', '1136cc', 0),
(292, 999, '2019-08-27 15:56:06', 'Postuplenie na schet fonda', '10000000000000000001', '1999d8', 0),
(293, 814, '2019-08-27 15:56:07', '_', '1548673367762', '1999d8', 0),
(294, 126, '2019-08-27 15:56:12', '_', '15434285060', '1999d8', 0),
(295, 59, '2019-08-27 15:56:17', '_', '9818087090', '1999d8', 0),
(296, 200, '2019-08-27 15:57:53', 'Postuplenie na schet fonda', '10000000000000000004', 'd0e33b', 0),
(297, 155, '2019-08-27 15:57:56', '_', '15429611868', 'd0e33b', 0),
(298, 45, '2019-08-27 15:58:01', '_', '15445213688', 'd0e33b', 0),
(299, 21, '2019-08-27 17:17:43', 'Postuplenie na schet fonda', '10000000000000000002', '5eee88', 0),
(300, 21, '2019-08-27 17:17:47', '_', '7846000878', '5eee88', 0),
(301, 998, '2019-08-28 16:43:59', 'Postuplenie na schet fonda', '10000000000000000001', '60b64d', 0),
(302, 917, '2019-08-28 16:44:01', '_', '7332056650', '60b64d', 0),
(303, 81, '2019-08-28 16:44:06', '_', '11838017146', '60b64d', 0),
(304, 998, '2019-08-28 17:50:54', 'Postuplenie na schet fonda', '10000000000000000001', '1e1c42', 0),
(305, 760, '2019-08-28 17:50:57', '_', '15434285060', '1e1c42', 0),
(306, 200, '2019-08-28 17:51:03', '_', '11838017146', '1e1c42', 0),
(307, 38, '2019-08-28 17:51:09', '_', '8404037426', '1e1c42', 0),
(308, 300, '2019-08-28 18:10:50', 'Postuplenie na schet fonda', '10000000000000000003', '825b93', 0),
(309, 243, '2019-08-28 18:10:53', '_', '15458710058', '825b93', 0),
(310, 57, '2019-08-28 18:10:58', '_', '1548673367762', '825b93', 0),
(311, 88, '2019-08-29 14:12:58', 'Postuplenie na schet fonda', '10000000000000000003', '66a402', 0),
(312, 88, '2019-08-29 14:13:02', '_', '17202008890', '66a402', 0),
(313, 1001, '2019-08-29 14:15:02', 'Postuplenie na schet fonda', '10000000000000000004', '91d6d6', 0),
(314, 911, '2019-08-29 14:15:02', '_', '1548673367762', '91d6d6', 0),
(315, 90, '2019-08-29 14:15:08', '_', '9818087090', '91d6d6', 0),
(316, 100, '2019-08-29 14:43:52', 'Postuplenie na schet fonda', '10000000000000000002', '38060c', 0),
(317, 100, '2019-08-29 14:43:56', '_', '7810020932', '38060c', 0),
(318, 100, '2019-08-30 01:05:01', 'Postuplenie na schet fonda', '10000000000000000004', 'f03192', 0),
(319, 100, '2019-08-30 01:05:03', '_', '15455025080', 'f03192', 0),
(320, 1008, '2019-08-30 16:19:11', 'Postuplenie na schet fonda', '10000000000000000004', 'bd4be8', 0),
(321, 832, '2019-08-30 16:19:12', '_', '7810020932', 'bd4be8', 0),
(322, 118, '2019-08-30 16:19:17', '_', '5442110768', 'bd4be8', 0),
(323, 58, '2019-08-30 16:19:23', '_', '5442110768', 'bd4be8', 0),
(324, 1000, '2019-09-01 14:28:17', 'Postuplenie na schet fonda', '10000000000000000004', '3b6cb7', 0),
(325, 911, '2019-09-01 14:28:21', '_', '11838017146', '3b6cb7', 0),
(326, 89, '2019-09-01 14:28:27', '_', '15434285060', '3b6cb7', 0),
(327, 100, '2019-09-01 14:30:14', 'Postuplenie na schet fonda', '10000000000000000001', 'fcf830', 0),
(328, 100, '2019-09-01 14:30:16', '_', '12898030324', 'fcf830', 0),
(329, 300, '2019-10-01 07:33:50', 'Postuplenie na schet fonda', '10000000000000000003', 'f13c2e', 0),
(330, 249, '2019-10-01 07:33:54', '_', '7846000878', 'f13c2e', 0),
(331, 51, '2019-10-01 07:34:01', '_', '7846000878', 'f13c2e', 0),
(332, 228, '2019-10-10 15:08:13', 'Postuplenie na schet fonda', '10000000000000000003', '429741', 0),
(333, 191, '2019-10-10 15:08:16', '_', '15457164714', '429741', 0),
(334, 37, '2019-10-10 15:08:22', '_', '15606105986', '429741', 0),
(335, 850, '2019-11-17 12:55:43', 'Postuplenie na schet fonda', '10000000000000000002', '30gm9m', 0),
(336, 727, '2019-11-17 12:56:10', 'Postuplenie na schet fonda', '10000000000000000002', '40y4ce', 0),
(337, 926, '2019-11-17 12:56:19', 'Postuplenie na schet fonda', '10000000000000000002', '9foe0s', 0),
(338, 340, '2019-11-17 13:00:46', 'Postuplenie na schet fonda', '10000000000000000002', '46j0rn', 0),
(339, 437, '2019-11-17 13:01:16', 'Postuplenie na schet fonda', '10000000000000000002', '2b1z1i', 0),
(340, 872, '2019-11-17 13:03:37', 'Postuplenie na schet fonda', '10000000000000000002', '9e0qrq', 0),
(341, 565, '2019-11-17 13:11:17', 'Postuplenie na schet fonda', '10000000000000000002', 'ie27tj', 0),
(342, 403, '2019-11-17 13:11:29', 'Postuplenie na schet fonda', '10000000000000000002', 'bzfez5', 0),
(343, 986, '2019-11-17 13:52:28', 'Postuplenie na schet fonda', '10000000000000000002', 'jqrvig', 0),
(344, 143, '2019-11-17 13:52:46', 'Postuplenie na schet fonda', '10000000000000000002', 'zflzg', 0),
(345, 479, '2019-11-17 14:18:35', 'Postuplenie na schet fonda', '10000000000000000002', 's97dlp', 0),
(346, 826, '2019-11-17 14:19:30', 'Postuplenie na schet fonda', '10000000000000000002', '1u82xk', 0),
(347, 212, '2019-11-17 14:24:46', 'Postuplenie na schet fonda', '10000000000000000002', 'nxdyng', 0),
(348, 591, '2019-11-17 14:25:32', 'Postuplenie na schet fonda', '10000000000000000002', '92o8so', 0),
(349, 335, '2019-11-17 14:29:25', 'Postuplenie na schet fonda', '10000000000000000002', 'n8h7o', 0),
(350, 330, '2019-11-17 14:29:26', 'test', '10000000000000000002', 'n8h7o', 0),
(351, 112, '2019-11-17 14:30:19', 'Postuplenie na schet fonda', '10000000000000000002', 'pgcwx7', 0),
(352, 107, '2019-11-17 14:30:19', 'test', '10000000000000000002', 'pgcwx7', 0),
(353, 958, '2019-11-17 14:30:32', 'Postuplenie na schet fonda', '10000000000000000002', '5b04mn', 0),
(354, 953, '2019-11-17 14:30:33', 'test', '10000000000000000002', '5b04mn', 0),
(355, 856, '2019-11-17 14:31:20', 'Postuplenie na schet fonda', '10000000000000000002', 'opjcnn', 0),
(356, 851, '2019-11-17 14:31:21', 'test', '10000000000000000002', 'opjcnn', 0),
(357, 563, '2019-11-17 14:31:38', 'Postuplenie na schet fonda', '10000000000000000002', '593ja58', 0),
(358, 558, '2019-11-17 14:31:39', 'test', '10000000000000000002', '593ja58', 0),
(359, 730, '2019-11-17 14:32:19', 'Postuplenie na schet fonda', '10000000000000000002', 'njxtch', 0),
(360, 725, '2019-11-17 14:32:20', 'test', '10000000000000000002', 'njxtch', 0),
(361, 503, '2019-11-17 14:32:57', 'Postuplenie na schet fonda', '10000000000000000002', '2y8z7i', 0),
(362, 498, '2019-11-17 14:32:58', 'test', '10000000000000000002', '2y8z7i', 0),
(363, 551, '2019-11-17 14:33:39', 'Postuplenie na schet fonda', '10000000000000000002', 'id39re', 0),
(364, 546, '2019-11-17 14:33:39', 'test', '10000000000000000002', 'id39re', 0),
(365, 707, '2019-11-17 14:34:00', 'Postuplenie na schet fonda', '10000000000000000002', 'cghiou', 0),
(366, 702, '2019-11-17 14:34:00', 'test', '10000000000000000002', 'cghiou', 0),
(367, 778, '2019-11-17 14:34:47', 'Postuplenie na schet fonda', '10000000000000000002', 'af88o', 0),
(368, 773, '2019-11-17 14:34:47', 'test', '10000000000000000002', 'af88o', 0),
(369, 310, '2019-11-17 14:35:08', 'Postuplenie na schet fonda', '10000000000000000002', 'j6cw4', 0),
(370, 305, '2019-11-17 14:35:08', 'test', '10000000000000000002', 'j6cw4', 0),
(371, 625, '2019-11-17 14:36:01', 'Postuplenie na schet fonda', '10000000000000000002', '3f1vo5', 0),
(372, 620, '2019-11-17 14:36:01', 'test', '10000000000000000002', '3f1vo5', 0),
(373, 766, '2019-11-17 14:37:41', 'Postuplenie na schet fonda', '10000000000000000002', 'tw4zzf', 0),
(374, 761, '2019-11-17 14:37:42', 'test', '10000000000000000002', 'tw4zzf', 0),
(375, 194, '2019-11-17 14:39:24', 'Postuplenie na schet fonda', '10000000000000000002', 'pgj4yh', 0),
(376, 189, '2019-11-17 14:39:24', 'test', '10000000000000000002', 'pgj4yh', 0),
(377, 307, '2019-11-17 14:39:48', 'Postuplenie na schet fonda', '10000000000000000002', 'qbavup', 0),
(378, 302, '2019-11-17 14:39:48', 'test', '10000000000000000002', 'qbavup', 0),
(379, 434, '2019-11-17 14:46:37', 'Postuplenie na schet fonda', '10000000000000000002', '0347lw', 0),
(380, 429, '2019-11-17 14:46:37', 'test', '10000000000000000002', '0347lw', 0),
(381, 283, '2019-11-17 14:46:52', 'Postuplenie na schet fonda', '10000000000000000002', 'tzycn', 0),
(382, 278, '2019-11-17 14:46:52', 'test', '10000000000000000002', 'tzycn', 0),
(383, 827, '2019-11-17 14:48:07', 'Postuplenie na schet fonda', '10000000000000000002', 'zjgj2', 0),
(384, 822, '2019-11-17 14:48:08', 'test', '10000000000000000002', 'zjgj2', 0),
(385, 247, '2019-11-17 14:48:22', 'Postuplenie na schet fonda', '10000000000000000002', 'kzl2n', 0),
(386, 242, '2019-11-17 14:48:22', 'test', '10000000000000000002', 'kzl2n', 0),
(387, 993, '2019-11-17 14:52:41', 'Postuplenie na schet fonda', '10000000000000000002', 'wmdq0a', 0),
(388, 988, '2019-11-17 14:52:42', 'test', '10000000000000000002', 'wmdq0a', 0),
(389, 847, '2019-11-17 14:55:04', 'Postuplenie na schet fonda', '10000000000000000002', '4vcoos', 0),
(390, 842, '2019-11-17 14:55:04', 'test', '10000000000000000002', '4vcoos', 0),
(391, 863, '2019-11-17 14:55:27', 'Postuplenie na schet fonda', '10000000000000000002', 'no6tbr', 0),
(392, 858, '2019-11-17 14:55:27', 'test', '10000000000000000002', 'no6tbr', 0),
(393, 509, '2019-11-17 14:55:37', 'Postuplenie na schet fonda', '10000000000000000002', '79fii', 0),
(394, 504, '2019-11-17 14:55:37', 'test', '10000000000000000002', '79fii', 0),
(395, 797, '2019-11-17 14:55:50', 'Postuplenie na schet fonda', '10000000000000000002', 'wvbcy', 0),
(396, 792, '2019-11-17 14:55:50', 'test', '10000000000000000002', 'wvbcy', 0),
(397, 439, '2019-11-17 14:57:22', 'Postuplenie na schet fonda', '10000000000000000002', 'wavwwb', 0),
(398, 434, '2019-11-17 14:57:22', 'test', '10000000000000000002', 'wavwwb', 0),
(399, 446, '2019-11-17 14:58:49', 'Postuplenie na schet fonda', '10000000000000000002', 'racbzp', 0),
(400, 441, '2019-11-17 14:58:50', 'test', '10000000000000000002', 'racbzp', 0),
(401, 483, '2019-11-17 14:59:30', 'Postuplenie na schet fonda', '10000000000000000002', 'v2j8ig', 0),
(402, 478, '2019-11-17 14:59:30', 'test', '10000000000000000002', 'v2j8ig', 0),
(403, 566, '2019-11-17 14:59:41', 'Postuplenie na schet fonda', '10000000000000000002', '5p8neh', 0),
(404, 561, '2019-11-17 14:59:42', 'test', '10000000000000000002', '5p8neh', 0),
(405, 844, '2019-11-17 15:00:48', 'Postuplenie na schet fonda', '10000000000000000002', 'oylxm', 0),
(406, 839, '2019-11-17 15:00:48', 'test', '10000000000000000002', 'oylxm', 0),
(407, 148, '2019-11-17 15:03:04', 'Postuplenie na schet fonda', '10000000000000000002', '2qe48q', 0),
(408, 143, '2019-11-17 15:03:04', 'test', '10000000000000000002', '2qe48q', 0),
(409, 697, '2019-11-17 15:06:30', 'Postuplenie na schet fonda', '10000000000000000002', 'qdqx8a', 0),
(410, 692, '2019-11-17 15:06:30', 'test', '10000000000000000002', 'qdqx8a', 0),
(411, 334, '2019-11-17 15:19:28', 'Postuplenie na schet fonda', '10000000000000000002', 'k81apw', 0),
(412, 329, '2019-11-17 15:19:29', 'test', '10000000000000000002', 'k81apw', 0),
(413, 151, '2019-11-17 15:42:51', 'Postuplenie na schet fonda', '10000000000000000002', 'l98j9', 0),
(414, 146, '2019-11-17 15:42:52', 'test', '10000000000000000002', 'l98j9', 0),
(415, 644, '2019-11-17 15:55:59', 'Postuplenie na schet fonda', '10000000000000000002', 'xbmk2', 0),
(416, 639, '2019-11-17 15:55:59', 'test', '10000000000000000002', 'xbmk2', 0),
(417, 698, '2019-11-17 16:27:07', 'Postuplenie na schet fonda', '10000000000000000002', '0wj2ni', 0),
(418, 693, '2019-11-17 16:27:08', 'test', '10000000000000000002', '0wj2ni', 0),
(419, 834, '2019-11-18 04:13:02', 'Postuplenie na schet fonda', '10000000000000000002', 'qs85ol', 0),
(420, 829, '2019-11-18 04:13:02', 'test', '10000000000000000002', 'qs85ol', 0),
(421, 488, '2019-11-18 04:25:35', 'Postuplenie na schet fonda', '10000000000000000002', 'fjbejx', 0),
(422, 483, '2019-11-18 04:25:35', 'test', '10000000000000000002', 'fjbejx', 0),
(423, 570, '2019-11-18 04:26:15', 'Postuplenie na schet fonda', '10000000000000000002', 'zt5lc', 0),
(424, 565, '2019-11-18 04:26:15', 'test', '10000000000000000002', 'zt5lc', 0),
(425, 865, '2019-11-18 04:44:08', 'Postuplenie na schet fonda', '10000000000000000002', 'w7j4y', 0),
(426, 860, '2019-11-18 04:44:08', 'test', '10000000000000000002', 'w7j4y', 0),
(427, 643, '2019-11-18 04:44:32', 'Postuplenie na schet fonda', '10000000000000000002', 'e40b8', 0),
(428, 638, '2019-11-18 04:44:32', 'test', '10000000000000000002', 'e40b8', 0),
(429, 574, '2019-11-18 04:47:01', 'Postuplenie na schet fonda', '10000000000000000002', 'wr1rp', 0),
(430, 569, '2019-11-18 04:47:01', 'test', '10000000000000000002', 'wr1rp', 0),
(431, 312, '2019-11-18 04:47:02', 'Postuplenie na schet fonda', '10000000000000000002', 'f4f22e', 0),
(432, 231, '2019-11-18 04:49:09', 'Postuplenie na schet fonda', '10000000000000000002', 'ax9ode', 0),
(433, 226, '2019-11-18 04:49:10', 'test', '10000000000000000002', 'ax9ode', 0),
(434, 840, '2019-11-18 04:49:10', 'Postuplenie na schet fonda', '10000000000000000002', '402001', 0),
(435, 840, '2019-11-18 04:50:44', 'Postuplenie na schet fonda', '10000000000000000002', '5c83cc', 0),
(436, 794, '2019-11-18 04:53:31', 'Postuplenie na schet fonda', '10000000000000000002', '9donbb', 0),
(437, 789, '2019-11-18 04:53:31', 'test', '10000000000000000002', '9donbb', 0),
(438, 126, '2019-11-18 04:53:31', 'Postuplenie na schet fonda', '10000000000000000002', '9b0dbc', 0),
(439, 359, '2019-11-18 04:53:56', 'Postuplenie na schet fonda', '10000000000000000002', 'v3vy7r', 0),
(440, 354, '2019-11-18 04:53:56', 'test', '10000000000000000002', 'v3vy7r', 0),
(441, 213, '2019-11-18 04:53:57', 'Postuplenie na schet fonda', '10000000000000000002', 'a647bc', 0),
(442, 829, '2019-11-18 04:59:00', 'Postuplenie na schet fonda', '10000000000000000002', '841d8l', 0),
(443, 824, '2019-11-18 04:59:00', 'test', '10000000000000000002', '841d8l', 0),
(444, 479, '2019-11-18 04:59:00', 'Postuplenie na schet fonda', '10000000000000000002', '61099a', 0),
(445, 684, '2019-11-18 04:59:17', 'Postuplenie na schet fonda', '10000000000000000002', '3s0r6m', 0),
(446, 679, '2019-11-18 04:59:17', 'test', '10000000000000000002', '3s0r6m', 0),
(447, 250, '2019-11-18 04:59:17', 'Postuplenie na schet fonda', '10000000000000000002', '010f3d', 0),
(448, 833, '2019-11-18 05:04:00', 'Postuplenie na schet fonda', '10000000000000000002', 'njvv8i', 0),
(449, 828, '2019-11-18 05:04:00', 'test', '10000000000000000002', 'njvv8i', 0),
(450, 423, '2019-11-18 05:04:00', 'Postuplenie na schet fonda', '10000000000000000002', '51d148', 0),
(451, 126, '2019-11-18 05:05:02', 'Postuplenie na schet fonda', '10000000000000000002', 'lba5wm', 0),
(452, 121, '2019-11-18 05:05:02', 'test', '10000000000000000002', 'lba5wm', 0),
(453, 152, '2019-11-18 05:05:02', 'Postuplenie na schet fonda', '10000000000000000002', '91104b', 0),
(454, 659, '2019-11-18 05:08:28', 'Postuplenie na schet fonda', '10000000000000000002', '3ca4f2', 0),
(455, 964, '2019-11-18 05:13:49', 'Postuplenie na schet fonda', '10000000000000000002', '9y2xvk', 0),
(456, 959, '2019-11-18 05:13:49', 'test', '10000000000000000002', '9y2xvk', 0),
(457, 824, '2019-11-18 05:14:06', 'Postuplenie na schet fonda', '10000000000000000002', 'mb082k', 0),
(458, 819, '2019-11-18 05:14:06', 'test', '10000000000000000002', 'mb082k', 0),
(459, 376, '2019-11-18 05:14:47', 'Postuplenie na schet fonda', '10000000000000000002', 'db4ygf', 0),
(460, 371, '2019-11-18 05:14:47', 'test', '10000000000000000002', 'db4ygf', 0),
(461, 376, '2019-11-18 05:15:19', 'Postuplenie na schet fonda', '10000000000000000002', 'ieh9ao', 0),
(462, 371, '2019-11-18 05:15:19', 'test', '10000000000000000002', 'ieh9ao', 0),
(463, 916, '2019-11-18 05:15:33', 'Postuplenie na schet fonda', '10000000000000000002', '7qkdcy', 0),
(464, 911, '2019-11-18 05:15:33', 'test', '10000000000000000002', '7qkdcy', 0),
(465, 891, '2019-11-18 05:15:37', 'Postuplenie na schet fonda', '10000000000000000002', 'f2976e', 0),
(466, 205, '2019-11-18 05:16:33', 'Postuplenie na schet fonda', '10000000000000000002', 'isao3', 0),
(467, 200, '2019-11-18 05:16:33', 'test', '10000000000000000002', 'isao3', 0),
(468, 370, '2019-11-18 05:16:37', 'Postuplenie na schet fonda', '10000000000000000002', 'b52c56', 0),
(469, 395, '2019-11-18 05:18:08', 'Postuplenie na schet fonda', '10000000000000000002', 'ys372p', 0),
(470, 390, '2019-11-18 05:18:08', 'test', '10000000000000000002', 'ys372p', 0),
(471, 505, '2019-11-18 05:18:12', 'Postuplenie na schet fonda', '10000000000000000002', '1d78b6', 0),
(472, 551, '2019-11-18 05:19:34', 'Postuplenie na schet fonda', '10000000000000000002', '7ecmek', 0),
(473, 546, '2019-11-18 05:19:34', 'test', '10000000000000000002', '7ecmek', 0),
(474, 592, '2019-11-18 05:19:37', 'Postuplenie na schet fonda', '10000000000000000002', '9f2626', 0),
(475, 545, '2019-11-18 05:20:36', 'Postuplenie na schet fonda', '10000000000000000002', 'c2k8q', 0),
(476, 540, '2019-11-18 05:20:36', 'test', '10000000000000000002', 'c2k8q', 0),
(477, 933, '2019-11-18 05:20:39', 'Postuplenie na schet fonda', '10000000000000000002', 'fcd266', 0),
(478, 608, '2019-11-18 05:21:10', 'Postuplenie na schet fonda', '10000000000000000002', 'zf5fii', 0),
(479, 603, '2019-11-18 05:21:10', 'test', '10000000000000000002', 'zf5fii', 0),
(480, 845, '2019-11-18 05:21:14', 'Postuplenie na schet fonda', '10000000000000000002', '6d5044', 0),
(481, 673, '2019-11-18 05:22:46', 'Postuplenie na schet fonda', '10000000000000000002', 'wf9vid', 0),
(482, 668, '2019-11-18 05:22:47', 'test', '10000000000000000002', 'wf9vid', 0),
(483, 450, '2019-11-18 05:22:50', 'Postuplenie na schet fonda', '10000000000000000002', '60c45a', 0),
(484, 603, '2019-11-18 05:24:33', 'Postuplenie na schet fonda', '10000000000000000002', 'ftnarl', 0),
(485, 598, '2019-11-18 05:24:33', 'test', '10000000000000000002', 'ftnarl', 0),
(486, 691, '2019-11-18 05:24:36', 'Postuplenie na schet fonda', '10000000000000000002', '4d65a8', 0),
(487, 813, '2019-11-18 05:28:31', 'Postuplenie na schet fonda', '10000000000000000002', 'tq5xhm', 0),
(488, 808, '2019-11-18 05:28:31', 'test', '10000000000000000002', 'tq5xhm', 0),
(489, 658, '2019-11-18 05:28:35', 'Postuplenie na schet fonda', '10000000000000000002', 'f402d9', 0),
(490, 642, '2019-11-18 05:28:53', 'Postuplenie na schet fonda', '10000000000000000002', 'u83st', 0),
(491, 637, '2019-11-18 05:28:53', 'test', '10000000000000000002', 'u83st', 0),
(492, 439, '2019-11-18 05:28:56', 'Postuplenie na schet fonda', '10000000000000000002', 'b4fb80', 0),
(493, 297, '2019-11-18 05:29:22', 'Postuplenie na schet fonda', '10000000000000000002', 'vc0l9d', 0),
(494, 292, '2019-11-18 05:29:22', 'test', '10000000000000000002', 'vc0l9d', 0),
(495, 679, '2019-11-18 05:29:25', 'Postuplenie na schet fonda', '10000000000000000002', '421ecc', 0),
(496, 790, '2019-11-18 05:29:45', 'Postuplenie na schet fonda', '10000000000000000002', 'ine1gm', 0),
(497, 785, '2019-11-18 05:29:45', 'test', '10000000000000000002', 'ine1gm', 0),
(498, 346, '2019-11-18 05:29:48', 'Postuplenie na schet fonda', '10000000000000000002', '6fb5f2', 0),
(499, 500, '2019-11-18 05:30:35', 'Postuplenie na schet fonda', '10000000000000000002', 'umhf1l', 0),
(500, 495, '2019-11-18 05:30:35', 'test', '10000000000000000002', 'umhf1l', 0),
(501, 711, '2019-11-18 05:30:39', 'Postuplenie na schet fonda', '10000000000000000002', '8cdc26', 0),
(502, 733, '2019-11-18 05:30:56', 'Postuplenie na schet fonda', '10000000000000000002', '0d9slq', 0),
(503, 728, '2019-11-18 05:30:56', 'test', '10000000000000000002', '0d9slq', 0),
(504, 966, '2019-11-18 05:31:00', 'Postuplenie na schet fonda', '10000000000000000002', '8009fd', 0),
(505, 586, '2019-11-18 05:31:32', 'Postuplenie na schet fonda', '10000000000000000002', '8nq0nv', 0),
(506, 581, '2019-11-18 05:31:32', 'test', '10000000000000000002', '8nq0nv', 0),
(507, 497, '2019-11-18 05:31:35', 'Postuplenie na schet fonda', '10000000000000000002', '655972', 0),
(508, 149, '2019-11-18 05:31:50', 'Postuplenie na schet fonda', '10000000000000000002', 'mnrn35', 0),
(509, 144, '2019-11-18 05:31:50', 'test', '10000000000000000002', 'mnrn35', 0),
(510, 840, '2019-11-18 05:31:53', 'Postuplenie na schet fonda', '10000000000000000002', '3c03fc', 0),
(511, 975, '2019-11-18 05:32:05', 'Postuplenie na schet fonda', '10000000000000000002', '0mhty', 0),
(512, 970, '2019-11-18 05:32:05', 'test', '10000000000000000002', '0mhty', 0),
(513, 399, '2019-11-18 05:32:09', 'Postuplenie na schet fonda', '10000000000000000002', 'a5dde0', 0),
(514, 717, '2019-11-18 05:32:45', 'Postuplenie na schet fonda', '10000000000000000002', 'c1i1yr', 0),
(515, 712, '2019-11-18 05:32:45', 'test', '10000000000000000002', 'c1i1yr', 0),
(516, 851, '2019-11-18 05:32:48', 'Postuplenie na schet fonda', '10000000000000000002', 'bf1da3', 0),
(517, 222, '2019-11-18 05:33:07', 'Postuplenie na schet fonda', '10000000000000000002', 'xjzno', 0),
(518, 217, '2019-11-18 05:33:07', 'test', '10000000000000000002', 'xjzno', 0),
(519, 615, '2019-11-18 05:33:11', 'Postuplenie na schet fonda', '10000000000000000002', '1d902e', 0),
(520, 960, '2019-11-18 05:33:31', 'Postuplenie na schet fonda', '10000000000000000002', 'uehgcr', 0),
(521, 955, '2019-11-18 05:33:31', 'test', '10000000000000000002', 'uehgcr', 0),
(522, 249, '2019-11-18 05:33:34', 'Postuplenie na schet fonda', '10000000000000000002', 'f53fc3', 0),
(523, 307, '2019-11-18 05:34:02', 'Postuplenie na schet fonda', '10000000000000000002', '7y6n3j', 0),
(524, 302, '2019-11-18 05:34:02', 'test', '10000000000000000002', '7y6n3j', 0),
(525, 355, '2019-11-18 05:34:05', 'Postuplenie na schet fonda', '10000000000000000002', '2cc96f', 0),
(526, 962, '2019-11-18 05:34:32', 'Postuplenie na schet fonda', '10000000000000000002', 'phltt', 0),
(527, 957, '2019-11-18 05:34:32', 'test', '10000000000000000002', 'phltt', 0),
(528, 908, '2019-11-18 05:34:35', 'Postuplenie na schet fonda', '10000000000000000002', '8cdbd7', 0),
(529, 387, '2019-11-18 05:35:02', 'Postuplenie na schet fonda', '10000000000000000002', 'jqj4', 0),
(530, 382, '2019-11-18 05:35:02', 'test', '10000000000000000002', 'jqj4', 0),
(531, 908, '2019-11-18 05:35:06', 'Postuplenie na schet fonda', '10000000000000000002', '947495', 0),
(532, 150, '2019-11-18 05:35:34', 'Postuplenie na schet fonda', '10000000000000000002', 'vjk98q', 0),
(533, 145, '2019-11-18 05:35:34', 'test', '10000000000000000002', 'vjk98q', 0),
(534, 477, '2019-11-18 05:35:37', 'Postuplenie na schet fonda', '10000000000000000002', '44c873', 0),
(535, 575, '2019-11-18 05:36:12', 'Postuplenie na schet fonda', '10000000000000000002', 'ak0swb', 0),
(536, 570, '2019-11-18 05:36:13', 'test', '10000000000000000002', 'ak0swb', 0),
(537, 812, '2019-11-18 05:36:16', 'Postuplenie na schet fonda', '10000000000000000002', '7ba5b7', 0),
(538, 971, '2019-11-18 05:40:02', 'Postuplenie na schet fonda', '10000000000000000002', 'im69b4', 0),
(539, 966, '2019-11-18 05:40:02', 'test', '10000000000000000002', 'im69b4', 0),
(540, 525, '2019-11-18 05:40:06', 'Postuplenie na schet fonda', '10000000000000000002', '2e08c7', 0),
(541, 100, '2019-11-18 05:40:06', NULL, '10000000000000000002', '2e08c7', 0),
(542, 343, '2019-11-18 05:40:22', 'Postuplenie na schet fonda', '10000000000000000002', '7jqtnp', 0),
(543, 338, '2019-11-18 05:40:22', 'test', '10000000000000000002', '7jqtnp', 0),
(544, 459, '2019-11-18 05:40:25', 'Postuplenie na schet fonda', '10000000000000000002', '8211f0', 0),
(545, 100, '2019-11-18 05:40:25', NULL, '10000000000000000002', '8211f0', 0),
(546, 816, '2019-11-18 05:55:48', 'Postuplenie na schet fonda', '10000000000000000002', 'alrtj8', 0),
(547, 811, '2019-11-18 05:55:48', 'test', '10000000000000000002', 'alrtj8', 0),
(548, 159, '2019-11-18 05:55:52', 'Postuplenie na schet fonda', '10000000000000000002', '2d68d2', 0),
(549, 100, '2019-11-18 05:55:52', NULL, '10000000000000000002', '2d68d2', 0),
(550, 631, '2019-11-18 05:57:36', 'Postuplenie na schet fonda', '10000000000000000002', 'ebn00o', 0),
(551, 626, '2019-11-18 05:57:36', 'test', '10000000000000000002', 'ebn00o', 0),
(552, 751, '2019-11-18 05:57:39', 'Postuplenie na schet fonda', '10000000000000000002', '05a8b6', 0),
(553, 100, '2019-11-18 05:57:39', NULL, '10000000000000000002', '05a8b6', 0),
(554, 683, '2019-11-18 05:58:23', 'Postuplenie na schet fonda', '10000000000000000002', 'jl9l57', 0),
(555, 678, '2019-11-18 05:58:24', 'test', '10000000000000000002', 'jl9l57', 0),
(556, 464, '2019-11-18 05:58:27', 'Postuplenie na schet fonda', '10000000000000000002', 'aa5ef4', 0),
(557, 100, '2019-11-18 05:58:27', NULL, '10000000000000000002', 'aa5ef4', 0),
(558, 184, '2019-11-18 06:00:14', 'Postuplenie na schet fonda', '10000000000000000002', 'd9f507', 0),
(559, 179, '2019-11-18 06:00:14', 'test', '10000000000000000002', 'd9f507', 0),
(560, 168, '2019-11-18 06:00:17', 'Postuplenie na schet fonda', '10000000000000000002', '03d0f2', 0),
(561, 100, '2019-11-18 06:00:17', NULL, '10000000000000000002', '03d0f2', 0),
(562, 849, '2019-11-18 06:12:10', 'Postuplenie na schet fonda', '10000000000000000002', '6r28xd', 0),
(563, 844, '2019-11-18 06:12:10', 'test', '10000000000000000002', '6r28xd', 0),
(564, 659, '2019-11-18 06:12:13', 'Postuplenie na schet fonda', '10000000000000000002', 'b4f371', 0),
(565, 100, '2019-11-18 06:12:13', NULL, '10000000000000000002', 'b4f371', 0),
(566, 122, '2019-11-18 06:22:49', 'Postuplenie na schet fonda', '10000000000000000002', 'uhere', 0),
(567, 117, '2019-11-18 06:22:49', 'test', '10000000000000000002', 'uhere', 0),
(568, 229, '2019-11-18 06:26:13', 'Postuplenie na schet fonda', '10000000000000000002', '7tdrop', 0),
(569, 224, '2019-11-18 06:26:13', 'test', '10000000000000000002', '7tdrop', 0),
(570, 615, '2019-11-18 06:26:16', 'Postuplenie na schet fonda', '10000000000000000002', '1c420a', 0),
(571, 100, '2019-11-18 06:26:17', NULL, '10000000000000000002', '1c420a', 0),
(572, 254, '2019-11-18 07:22:14', 'Postuplenie na schet fonda', '10000000000000000002', '1fqgvd', 0),
(573, 249, '2019-11-18 07:22:14', 'test', '10000000000000000002', '1fqgvd', 0),
(574, 401, '2019-11-18 07:22:17', 'Postuplenie na schet fonda', '10000000000000000002', '3460d4', 0),
(575, 100, '2019-11-18 07:22:18', NULL, '10000000000000000002', '3460d4', 0),
(576, 511, '2019-11-18 10:06:21', 'Postuplenie na schet fonda', '10000000000000000002', '42h7zrh', 0),
(577, 506, '2019-11-18 10:06:22', 'test', '10000000000000000002', '42h7zrh', 0),
(578, 659, '2019-11-18 10:06:25', 'Postuplenie na schet fonda', '10000000000000000002', '7d521b', 0),
(579, 100, '2019-11-18 10:06:25', NULL, '10000000000000000002', '7d521b', 0),
(580, 630, '2019-11-18 10:53:22', 'Postuplenie na schet fonda', '10000000000000000002', '01xrr', 0),
(581, 625, '2019-11-18 10:53:22', 'test', '10000000000000000002', '01xrr', 0),
(582, 968, '2019-11-18 10:53:25', 'Postuplenie na schet fonda', '10000000000000000002', '2ce193', 0),
(583, 100, '2019-11-18 10:53:25', NULL, '10000000000000000002', '2ce193', 0),
(584, 887, '2019-11-18 12:06:07', 'Postuplenie na schet fonda', '10000000000000000002', 'v873ds', 0),
(585, 882, '2019-11-18 12:06:07', 'test', '10000000000000000002', 'v873ds', 0),
(586, 223, '2019-11-18 12:06:10', 'Postuplenie na schet fonda', '10000000000000000002', 'a50551', 0),
(587, 100, '2019-11-18 12:06:11', NULL, '10000000000000000002', 'a50551', 0),
(588, 458, '2019-11-18 15:12:41', 'Postuplenie na schet fonda', '10000000000000000002', '5mvjx', 0),
(589, 453, '2019-11-18 15:12:41', 'test', '10000000000000000002', '5mvjx', 0),
(590, 356, '2019-11-18 15:12:44', 'Postuplenie na schet fonda', '10000000000000000002', '426644', 0),
(591, 100, '2019-11-18 15:12:46', NULL, '10000000000000000002', '426644', 0),
(592, 909, '2019-11-18 19:09:08', 'Postuplenie na schet fonda', '10000000000000000002', 'x2b7ws', 0),
(593, 904, '2019-11-18 19:09:08', 'test', '10000000000000000002', 'x2b7ws', 0),
(594, 250, '2019-11-18 19:09:12', 'Postuplenie na schet fonda', '10000000000000000002', '22291a', 0),
(595, 100, '2019-11-18 19:09:12', NULL, '10000000000000000002', '22291a', 0),
(596, 110, '2019-11-18 19:24:09', 'Postuplenie na schet fonda', '10000000000000000002', 'w9x2gq', 0),
(597, 105, '2019-11-18 19:24:09', 'test', '10000000000000000002', 'w9x2gq', 0),
(598, 720, '2019-11-18 19:24:12', 'Postuplenie na schet fonda', '10000000000000000002', '93e388', 0),
(599, 100, '2019-11-18 19:24:13', NULL, '10000000000000000002', '93e388', 0),
(600, 395, '2019-11-23 10:24:59', 'Postuplenie na schet fonda', '10000000000000000002', 'lyk4u8', 0),
(601, 390, '2019-11-23 10:24:59', 'test', '10000000000000000002', 'lyk4u8', 0),
(602, 470, '2019-11-23 10:25:02', 'Postuplenie na schet fonda', '10000000000000000002', 'b70e62', 0),
(603, 100, '2019-11-23 10:25:03', NULL, '10000000000000000002', 'b70e62', 0),
(604, 866, '2019-11-23 10:25:26', 'Postuplenie na schet fonda', '10000000000000000002', '2e0oo', 0),
(605, 861, '2019-11-23 10:25:26', 'test', '10000000000000000002', '2e0oo', 0),
(606, 638, '2019-11-23 10:25:30', 'Postuplenie na schet fonda', '10000000000000000002', '6e9faf', 0),
(607, 100, '2019-11-23 10:25:30', NULL, '10000000000000000002', '6e9faf', 0),
(608, 669, '2019-11-25 06:09:41', 'Postuplenie na schet fonda', '10000000000000000002', 'ewvbsp', 0),
(609, 664, '2019-11-25 06:09:41', 'test', '10000000000000000002', 'ewvbsp', 0),
(610, 184, '2019-11-25 06:09:44', 'Postuplenie na schet fonda', '10000000000000000002', 'f83d49', 0);
INSERT INTO `Transitions` (`stepId`, `amount`, `timeStamp`, `purpose`, `accountNumber`, `donationId`, `isWrited`) VALUES
(611, 100, '2019-11-25 06:09:44', NULL, '10000000000000000002', 'f83d49', 0),
(612, 541, '2019-11-26 06:00:38', 'Postuplenie na schet fonda', '10000000000000000002', 'j1l77w', 0),
(613, 536, '2019-11-26 06:00:39', 'test', '10000000000000000002', 'j1l77w', 0),
(614, 212, '2019-11-26 06:00:42', 'Postuplenie na schet fonda', '10000000000000000002', 'f4802d', 0),
(615, 100, '2019-11-26 06:00:42', NULL, '10000000000000000002', 'f4802d', 0),
(616, 815, '2019-11-26 12:57:26', 'Postuplenie na schet fonda', '10000000000000000002', 'nr30pe', 0),
(617, 810, '2019-11-26 12:57:27', 'test', '10000000000000000002', 'nr30pe', 0),
(618, 515, '2019-11-26 12:57:30', 'Postuplenie na schet fonda', '10000000000000000002', '501289', 0),
(619, 100, '2019-11-26 12:57:31', NULL, '10000000000000000002', '501289', 0),
(620, 578, '2019-11-26 14:42:16', 'Postuplenie na schet fonda', '10000000000000000002', '36bw9', 0),
(621, 573, '2019-11-26 14:42:16', 'test', '10000000000000000002', '36bw9', 0),
(622, 879, '2019-11-26 14:42:20', 'Postuplenie na schet fonda', '10000000000000000002', '58301c', 0),
(623, 100, '2019-11-26 14:42:20', NULL, '10000000000000000002', '58301c', 0);

--
-- Индексы сохранённых таблиц
--

--
-- Индексы таблицы `BankAccounts`
--
ALTER TABLE `BankAccounts`
  ADD PRIMARY KEY (`accountNumber`),
  ADD KEY `taxId` (`taxId`);

--
-- Индексы таблицы `Donations`
--
ALTER TABLE `Donations`
  ADD PRIMARY KEY (`donationId`);

--
-- Индексы таблицы `Organizations`
--
ALTER TABLE `Organizations`
  ADD PRIMARY KEY (`taxId`);

--
-- Индексы таблицы `Transitions`
--
ALTER TABLE `Transitions`
  ADD PRIMARY KEY (`stepId`),
  ADD KEY `donationId` (`donationId`),
  ADD KEY `accountNumber` (`accountNumber`);

--
-- AUTO_INCREMENT для сохранённых таблиц
--

--
-- AUTO_INCREMENT для таблицы `Transitions`
--
ALTER TABLE `Transitions`
  MODIFY `stepId` int(11) NOT NULL AUTO_INCREMENT, AUTO_INCREMENT=624;
--
-- Ограничения внешнего ключа сохраненных таблиц
--

--
-- Ограничения внешнего ключа таблицы `Transitions`
--
ALTER TABLE `Transitions`
  ADD CONSTRAINT `Transitions_ibfk_1` FOREIGN KEY (`donationId`) REFERENCES `Donations` (`donationId`),
  ADD CONSTRAINT `Transitions_ibfk_2` FOREIGN KEY (`accountNumber`) REFERENCES `BankAccounts` (`accountNumber`);

/*!40101 SET CHARACTER_SET_CLIENT=@OLD_CHARACTER_SET_CLIENT */;
/*!40101 SET CHARACTER_SET_RESULTS=@OLD_CHARACTER_SET_RESULTS */;
/*!40101 SET COLLATION_CONNECTION=@OLD_COLLATION_CONNECTION */;
